Cashtag,Bullishness,created_at,Tweet_Text
"$Coin
8500",0.05,Fri Jan 24 16:48:19 +0000 2025,"New signal  LONG ğŸŸ¢ (scalp Trade)

Coin:#LDO

Entry:1.7280
Stoploss:1.6879

Targets 
1)1.8000
2)1.8500
3)1.9500
4)2.0233

Leverage:50x

ğŸ“‰Use 50x and hold until 3-4 TP
â° MAX hold 24 hours
https://t.co/IHb5Tq669E

#zelena #CryptoOTC #StarAcademy #grandefratelllo"
"$Coin
8500",0.05,Fri Jan 24 13:58:44 +0000 2025,"New signal  LONG ğŸŸ¢ (scalp Trade)

Coin:#LDO

Entry:1.7280
Stoploss:1.6879

Targets 
1)1.8000
2)1.8500
3)1.9500
4)2.0233

Leverage:50x

ğŸ“‰Use 50x and hold until 3-4 TP
â° MAX hold 24 hours

Ready for next? ğŸ‘‡
https://t.co/sZRw4UaKL0

 #trump #crypto #cryptomarket #Cryptonews"
"$Coin
8500",0.05,Fri Jan 24 11:52:33 +0000 2025,"New signalÂ  LONG ğŸŸ¢ (scalp Trade)

Coin:#LDO

Entry:1.7280
Stoploss:1.6879

Targets 
1)1.8000
2)1.8500
3)1.9500
4)2.0233

Leverage:50x

ğŸ“‰Use 50x and hold until 3-4 TP
â° MAX hold 24 hours

https://t.co/RVQiGyK7dl"
"$Coin
8500",0.05,Fri Jan 24 11:22:06 +0000 2025,"New signal  LONG ğŸŸ¢ (scalp Trade)

Coin:#LDO

Entry:1.7280
Stoploss:1.6879

Targets 
1)1.8000
2)1.8500
3)1.9500
4)2.0233

Leverage:50x

ğŸ“‰Use 50x and hold until 3-4 TP
â° MAX hold 24 hours 

https://t.co/xok7U18mux"
"$Coin
8500",0.04,Wed Jan 22 07:01:39 +0000 2025,I donâ€™t trust coins with centralized supply. Thatâ€™s why $FU is the only meme coin Iâ€™m holding. #FuCoin #HoldForLuck https://t.co/eu1iwoQni3
"$Coin
8500",0.05,Mon Jan 20 11:06:32 +0000 2025,"New signal  LONG ğŸŸ¢ (scalp Trade)

Coin:#COW

Entry:0.6195

Stoploss:0.5797

Targets 
1)0.6600
2)0.7000
3)0.8000
4)0.8500

Leverage:50x

ğŸ“‰Use 50x and hold until 3-4 TP
â° MAX hold 24 hours"
"$Coin
8500",0.05,Sun Jan 19 22:27:18 +0000 2025,@TheQuartering ğŸ˜‚cult like magatards are really trying to defend the president releasing a scam coin
"$Coin
8500",0.07,Sun Jan 19 17:19:09 +0000 2025,@DefiyantlyFree I hate Biden but we gotta call out shills like you who have no spine if hunter Biden launched a scam coin you would be crying on here for the next two weeks
"$Coin
8500",0.05,Sun Jan 19 16:50:13 +0000 2025,@Unfilteredboss1 Imagine if hunter Biden launched a scam coin the gop would be issuing subpoenas and saying he should be arrested
"$Coin
8500",0.09,Sat Jan 18 23:57:23 +0000 2025,Letâ€™s be honest conservative media would have had a meltdown if hunter Biden launched a meme coin.
"$Coin
8500",0.07,Sat Jan 18 20:31:53 +0000 2025,"$CTK | #CTK Boost
Price: 0.8500 (+4.1% in 24h)
â””15 min change: +2.0% ğŸ“ˆ
145.74K USDT traded in 15 min
â””Buys: 83.21K USDT [57%] ğŸŸ¢
24h Vol: 4.55M USDT (Binance)
Alerts in this hour: 1 https://t.co/aXzzlpRcsG"
"$Coin
8500",0.08,Sat Jan 18 19:55:46 +0000 2025,"@cyphstrain I know one thing: 

I got into a memecoin an hour after launch..the coin was at 3 billion market cap at the time I got in, and im now at 8500% gain. 

I will let you take care of the philosophical take on why bullish on the 80%, while I print.."
"$Coin
8500",0.1,Sat Jan 18 08:23:52 +0000 2025,"â³Itâ€™s been 5 hours since Trump posted. 

His coin is up 8500% and Solana is also pumping! 

The rest of the market seems to be taking a hit as itâ€™s taking a lot of the liquidity! 

People are saying this is an historic moment! How do you feel about it? And do you think it will have a long time impact on the market?"
"$Coin
8500",0.02,Wed Jan 15 20:06:25 +0000 2025,@Chucky4uck I had $8500 in my Wallet going up and down and then zero ? Can the person who put it in  put bad crypto and coin base finds out and takes it out or the guy put it in so he can take it out a week later after I send him $200 ?
"$Coin
8500",0.1,Sun Jan 12 19:41:59 +0000 2025,"$FU is the meme coin of the season. Forget the fluff, letâ€™s make history! #FuCoin #HoldForLuck https://t.co/Y3s5TRWjme"
"$Coin
8500",0.05,Sun Jan 12 06:49:56 +0000 2025,ğŸ“ˆ $790.9K $SUI LONGED @$4.8500 BINANCE FUTURES ğŸ“ˆ
"$Coin
8500",0.06,Mon Jan 06 05:29:34 +0000 2025,$FU is the meme coin thatâ€™s going to change everything. Donâ€™t sleep on it. #FuCoin #HoldforLuk https://t.co/GzL2LgQvo3
"$Coin
8500",0.15,Sun Jan 05 23:05:30 +0000 2025,@josettecaruso @MattWallace888 If you dropped your life savings on a meme coin good for you
"$Coin
8500",0.11,Sun Jan 05 19:26:00 +0000 2025,"@EmmitMoreno Title: $POPCAT: The Meme Coin Roars!

Metrics Analysis:
- ğ—£ğ—¿ğ—¶ğ—°ğ—²: Dropped to $0.8603, down 3.08% in 24h. 
- ğ—©ğ—¼ğ—¹ğ˜‚ğ—ºğ—²: $1.47M, showing decent interest.
- ğ— ğ—®ğ—¿ğ—¸ğ—²ğ˜ ğ—–ğ—®ğ—½: Strong at $843M, holding steady.
- ğ—¦ğ˜‚ğ—½ğ—½ğ—¼ğ—¿ğ˜ ğ—Ÿğ—²ğ˜ƒğ—²ğ—¹: Around $0.8500, not too far away.
- ğ—¥ğ—²ğ˜€ğ—¶ğ˜€ğ˜ğ—®ğ—»ğ—°ğ—² ğ—Ÿğ—²ğ˜ƒğ—²ğ—¹: Near $0.9000, a tough nut to crack.

Chart Insight:
$POPCAT is prowling sideways in the jungle, bouncing between support and resistance. The EMA and MA are cozy together, hinting at indecision. Get ready for a potential breakout or breakdownâ€”watch those whiskers!

Trading Strategy(beta):
- ğ—˜ğ—»ğ˜ğ—¿ğ˜†: Buy near $0.8500 support.
- ğ—¦ğ˜ğ—¼ğ—½ ğ—Ÿğ—¼ğ˜€ğ˜€: Set at $0.8400 to dodge further drops.
- ğ—§ğ—®ğ—¸ğ—² ğ—£ğ—¿ğ—¼ğ—³ğ—¶ğ˜: Aim for $0.9000 resistance.

Key Technical Observations:
- MACD: Flat, showing a lack of momentum.
- RSI: Hovering at 43, indicating neutral territory.
- Stoch RSI: Slightly bullish at 57, but could change fast.

Funny Twist:
$POPCAT's price is like a cat batting at a laser pointerâ€”up, down, and all around. Hold onto your kibble, traders!

Final Verdict:
ğ—§ğ—¿ğ—²ğ—®ğ˜ ğ—£ğ—¢ğ—£ğ—–ğ—”ğ—§ ğ—¹ğ—¶ğ—¸ğ—² ğ—® ğ—°ğ—®ğ˜â€”ğ—¯ğ—² ğ—½ğ—®ğ˜ğ—¶ğ—²ğ—»ğ˜ ğ—®ğ—»ğ—± ğ—¿ğ—²ğ—®ğ—±ğ˜† ğ˜ğ—¼ ğ—½ğ—¼ğ˜‚ğ—»ğ—°ğ—²!
- Token: $POPCAT (7GCihgDB8fe6KNjn2MYtkzZcRjQy3t9GHdC8uHYmW2hr)"
"$Coin
8500",0.21,Sun Jan 05 10:38:51 +0000 2025,"@ZsoltGyuris 60,000 Lucky Points up for grabs! ğŸ¤‘ğŸ¯ Time to stamp those $PBUX NFTs and get those Lotto Tickets! Whoâ€™s ready to turn points into 8500 USDT? ğŸ’¸ğŸŸï¸ #CryptoLuck #AirdropGoals"
"$Coin
8500",0.29,Wed Jan 01 17:24:47 +0000 2025,"$KEEPER was created 23 hours ago with a market cap of $8.6M, indicating moderate price stability. The developer's account is new, funded with 39.992 SOL from Binance, which is a common practice. The coin has seen significant trading activity with 8500 buys and 6912 sells in the last 6 hours, and a price change of 35.39%, suggesting high volatility.

One wallet holds 22.5% of the supply, which is a potential risk. However, the market cap is high enough to mitigate some concerns. Liquidity is at $427K, which is decent for a new coin.

As a crypto degen, I'd take the risk and invest in $KEEPER."
"$Coin
8500",0.14,Wed Dec 25 21:00:03 +0000 2024,"Top 5 Gainers (24h) #cryptocurrencies
Alert Time: 2024-12-25 23:00:03
#Movement: $1.1200 (29.18%)
#Bitget-token: $5.7400 (16.37%)
#Tokenize-xchange: $22.8500 (14.06%)
#Gatechain-token: $14.7600 (8.72%)
#Raydium: $5.2300 (5.73%)"
"$Coin
8500",0.07,Wed Dec 25 20:11:46 +0000 2024,"ğŸ”¥ $FU is the lucky coin of the future. @binance, time to list it. We hold for luck, you list for luck. #FuCoin #HoldforLuck https://t.co/CMKcgOl5ut"
"$Coin
8500",0.05,Tue Dec 24 21:16:23 +0000 2024,"New signal  LONGğŸŸ¢ (scalp Trade)

Coin:UXLINK

Entry:1.6565

Stoploss:1.5904 (100%)

Targets 
1)1.7500 (25%)
2)1.8000 (25%)
3)1.8500 (25%)
4)1.9068 (25%)

Leverage:50x

Use 50x and hold until 3-4 TP
â° MAX hold 12 hours https://t.co/c0vBWl7kWl"
"$Coin
8500",0.09,,
$ON,0.2,Sun Jan 26 10:30:02 +0000 2025,"BREAKING NEWS: $ON 3 Cheap Tech Stocks to Buy Right Now https://t.co/yudbf1n8It
    
 @qtypsyduck @metahome_9875 $GLIN $CF $ON"
$ON,0.2,Sat Jan 25 23:43:49 +0000 2025,"$OMC
-Barclays lowers Omnicom target to $121 from $110
Overweight
-
$ON
-B. Riley lowers Onsemi target to $90 from $100
Buy
-
$OPCH
-JPMorgan raises Option Care Health target to $40 from $38
Overweight
-
$ORLY
-Guggenheim raises Oâ€™Reilly Automotive target to $1400 from $1275
Buy"
$ON,0.77,Sat Jan 25 21:14:13 +0000 2025,"2/ What does this mean for the community?
This integration focuses on:
âœ… Improving scalability
âœ… Enhancing transaction throughput
âœ… Delivering cutting-edge solutions for developers and users

$ON"
$ON,0.11,Sat Jan 25 17:32:32 +0000 2025,"Strat Weekly Setups

1 - $AFRM $BAC $CART $CLSK $CVX $DDOG $DOCU $FL $HAL $HES $HON $KR $LLY $LULU $M $MGM $ON $PENN $PYPL $RKT $ROST $SLV $SONY $TGT $TSLA $UBER $UNH $XLE $XOM $YETI

3u - $JNJ $ZM"
$ON,0.04,Sat Jan 25 15:16:02 +0000 2025,"$NOC, $NOW, $NSC, $NTAP, $NUE, $NVAX, $NVDA, $NXPI, $OKTA, $ON, $ORCL, $OXY, $PANW, $PARA, $PCG, $PDD, $PEP, $PFE, $PG, $PHM: New Time and Sales Options data from 20250124 available at https://t.co/MWtRQmr78X. Get the latest data and stay up to date."
$ON,0.08,Sat Jan 25 14:51:49 +0000 2025,"@KabraxFX True lol maybe we can form an $ON cult ğŸ˜¤ğŸ˜¤

But yeah will have low engagement but thatâ€™s ok I dont post for engagement sake"
$ON,0.32,Sat Jan 25 14:30:02 +0000 2025,"My newest interest: ON Semiconductor $ON

Beat down as it is heavily invested in the Automotive and Industrial segments of the semi space which has been bottoming

Those segments will turn around eventually in my opinion

Additionally, they have been investing heavily into power delivery to AI data centers. They expect that revenue to double over the next 4 years.

ADDITIONALLY, they provide $NVDA the power solutions for their CPUs

If you just look at their recent performance youâ€™ll see the struggling numbers, but semi industry is cyclical

Only question is, when recovery?

They report earnings 2/10 so Iâ€™ll be tuning in tbh"
$ON,0.25,,
$AI,0.08,Sun Jan 26 20:04:56 +0000 2025,@autism_intel @autism_intel_ai $AI is king of the trenches
$AI,0.44,Sun Jan 26 19:54:22 +0000 2025,Not a surp China manufacturing expanding for the past 3 months and exports rising at 10.7% in one money. #China is going to be an investors best friend these upcoming quarters as Trump only is considering a 10% tariff. Thatâ€™s why you saw the recent $500 billion #AI deal $AI $ORCL
$AI,0.19,Sun Jan 26 19:38:51 +0000 2025,@kudoswatching @KookCapitalLLC $Ai is only getting better https://t.co/HedpRAZ8VP
$AI,0.09,Sun Jan 26 19:31:00 +0000 2025,5 Reasons Why We Shouldn't Fear LLM $AI While Large Langua | hareem queen on Binance Square https://t.co/ESNbt22V4u #LLMs
$AI,0.03,Sun Jan 26 19:26:30 +0000 2025,"@AnimalsInsteadX $AI isn't about technology; it's about protecting animals! Animals Instead, always."
$AI,0.09,Sun Jan 26 19:20:59 +0000 2025,@lohohoski @LevisNFT $AI dont miss the boat @levie https://t.co/kAngLbzaD1
$AI,0.09,Sun Jan 26 19:18:17 +0000 2025,"Wow ğŸ¤© 

A pink â¦@Teslaâ© Model Y

Video from â¦@TSLAshareholderâ© â¦@Xâ©

$Tsla $Mstr $Elon $Musk $Trump $Sui $Doge $Axol $Jasmy $Eth $Squid $Jerry $spx $Tesla $Buzz $AI $Aixbt $btc $Dcoin $Bome $Vine $Stpt $Mochi $Pengu $Roost https://t.co/cyVUBMC37a"
$AI,0.09,Sun Jan 26 19:15:04 +0000 2025,"PENGWIF Early gems like ğŸš€â¬‡ï¸
 
$Beenz $niji $MIA $ELON $NFL $DNA $WLFI $KIT $AI $BUILT $ITMT $ALON  $VINE #TRUMPAI

â¬‡ï¸"
$AI,0.09,Sun Jan 26 19:04:23 +0000 2025,"PENGWIF Early gems like ğŸš€
 
$Beenz $niji $MIA $ELON $NFL $DNA $WLFI $KIT $AI $BUILT $ITMT $ALON  $VINE #TRUMPAI

â¬‡ï¸"
$AI,0.13,Sun Jan 26 19:00:00 +0000 2025,"The Advent of AI is here, and it's time to invest in it... ğŸ“ˆ 

$NVDA $AMD $TSM $AI https://t.co/JWnE2fiPPJ"
$AI,0.09,Sun Jan 26 18:57:15 +0000 2025,"PENGWIF Early gems like ğŸš€
 
$Beenz $niji $MIA $ELON $NFL $DNA $WLFI $KIT $AI $BUILT $ITMT $ALON  $VINE #TRUMPAI

â¬‡ï¸"
$AI,0.15,Sun Jan 26 18:53:51 +0000 2025,"$perf, was valued at $1b 2+ years ago, this price is a steal for their #AI tech in beauty

$soun $pdyn $rcat $bbai $ai $apld $crnc $kulr $nnox $ivda $rklb $ionq $joby $umac $lunr $serv $himx $rgti $can $rekr $icad $evlv $foxo $bfrg $inuv $qubt $qmco $qbts

https://t.co/kXW3wbdiAj"
$AI,0.09,Sun Jan 26 18:42:37 +0000 2025,@TheArtOfWarren @AnimalsInsteadX This is the only $AI I trust fluffy fun and full of love AnimalsInstead
$AI,0.09,Sun Jan 26 18:42:24 +0000 2025,"PENGWIF Early gems like ğŸš€
 
$Beenz $niji $MIA $ELON $NFL $DNA $WLFI $KIT $AI $BUILT $ITMT $ALON  $VINE #TRUMPAI

â¬‡ï¸"
$AI,0.06,Sun Jan 26 18:41:15 +0000 2025,@AnimalsInstead1 Robots can wait $AI is here for the real MVPs Animals Instead
$AI,0.05,Sun Jan 26 18:29:11 +0000 2025,@Cobratate Sell $daddy buy $Ai https://t.co/ygcEesSVKx
$AI,0.07,Sun Jan 26 18:23:35 +0000 2025,"The Nodepay network is officially live!

The platform for receiving and staking Nodecoin ($NC) is now open.

ğŸ”– Claim your $NC here: 

https://t.co/MTRIwmGeT8
$DGB $AI $DEX $ELON #SATOSHI $SOLANA $BARRON $MUST $BEAST $HMONK $XMAS $SPEPE $VISION $DYM $TRUMP $VGB $ETFS $EYWA $PNDR https://t.co/VX5bgFmbJV"
$AI,0.05,Sun Jan 26 18:19:19 +0000 2025,"@BankXRP @ArcBlock_io is made in USA,  and it's the most undervalued $ai crypto you will find, if you don't believe me google it yourself $abt"
$AI,0.05,Sun Jan 26 18:06:43 +0000 2025,"Tesla Optimus Humanoid Robot will walk your dog, do your laundry, and cook for you.

Video from â¦@niccruzpataneâ© @x

$Tsla $Mstr $Elon $Musk $Trump $Sui $Doge $Axol $Jasmy $Eth $Squid $Jerry $spx $Tesla $Buzz $AI $Aixbt $btc $Dcoin $Bome $Vine $Stpt $Mochi $Pengu $Roost https://t.co/sSokqtCZ7E"
$AI,0.04,Sun Jan 26 18:04:12 +0000 2025,GM $AI FAM https://t.co/CUerX0u1ek
$AI,0.1,,
$SHITCOIN,0.03,Sun Jan 26 20:11:36 +0000 2025,@tbonier Columbia has already folded and is now flying them back themselves. Do people like @tbonier ever stop losing
$SHITCOIN,0.06,Sun Jan 26 20:11:08 +0000 2025,"You are purposefully missing the point. Memecoins are for mugs. Let Janice have her grift. You clearly can't discuss things on a technical level, so I don't see the point in continuing. Have a fun time at the shitcoin casino 
.. where fortunes can be made.... but are mostly lost. 

It's not even a zero-sum game."
$SHITCOIN,0.09,Sun Jan 26 20:10:33 +0000 2025,"@0xSweep @ElonMuskPDA $shit bro the first shitcoin make by a $shit : 

FgkTqjiqFBJQS5G9i24KYc51a6UTYyuJZeE5eFHfpump https://t.co/8WJOaupx2x"
$SHITCOIN,0.27,Sun Jan 26 20:09:24 +0000 2025,@bgarlinghouse Yeah your shitcoin is going down
$SHITCOIN,0.14,Sun Jan 26 20:08:51 +0000 2025,"Buying more #PATRIOT here, 16m mcap. 

Full faith in the @Patriot_Erc20 team, and this is either gonna make me or break me as I kept DCAing for weeks. Trump's just said FAFO aka Fuck Around Find Out. I think this stands for #PATRIOT too.

https://t.co/TJDuTZj3AJ https://t.co/DkOJvLnIMG"
$SHITCOIN,0.03,Sun Jan 26 20:08:07 +0000 2025,"@mattgaetz why would we create a stockpile of shitcoins? Do you think Russia, China, India, Suadis would hold a shitcoin pre-mined and sold by a private US co? XRP is no better than a US CBDC, it is manipulated, censored, and created out of thin air. $BTC.x  only in a strategic reserve"
$SHITCOIN,0.34,Sun Jan 26 20:07:17 +0000 2025,Equites may even become more centralized in this world as the incentive to print shitcoin equities and dilute to capture premiums may incentivize more managers to have dual share structures that allow them to retain voting rights but the ability to dilute the common as
$SHITCOIN,0.06,Sun Jan 26 20:06:38 +0000 2025,@DeShawnBTC @Mrcryptoxwhale imagine being this desperate to pump ur bags. id rather yolo into prediction markets for trump's next meltdown than chase ur shitcoin clone ser
$SHITCOIN,0.07,Sun Jan 26 20:06:17 +0000 2025,@Jeremyybtc ok now shitcoin for each old app meta
$SHITCOIN,0.06,Sun Jan 26 20:05:43 +0000 2025,"dont be a communist, get in https://t.co/z2NqPcVnhc"
$SHITCOIN,0.09,Sun Jan 26 20:05:29 +0000 2025,"Sources say Ripple's been shifting a ton of XRPs to exchanges for the last six months, getting ready to pull the rug after that fake price bumpâ€”same strategy as before."
$SHITCOIN,0.03,Sun Jan 26 20:04:51 +0000 2025,@CarlBMenger Is xrp a shitcoin?
$SHITCOIN,0.08,Sun Jan 26 20:04:27 +0000 2025,"making arb, base, eth and sol shitcoin lists (for myself)

some heavily undervalued stuff on all chains"
$SHITCOIN,0.17,Sun Jan 26 20:04:27 +0000 2025,"$ETH trades like a shitcoin so we'll class it as one.

Break the memeline and it's $5,000 next up.

Positive news to come, we will end the curse. https://t.co/CcWffdCI8o"
$SHITCOIN,0.07,Sun Jan 26 20:04:00 +0000 2025,"@MartinShkreli Martin, I called into your stream circa 2015 and pitched you a new type of SSRI made out of baking soda and vinegar. I also brought you chinese food and we got drinks with my boy from credit suisse. HarryPotterObamaSonic10inu is THE next blue chip shitcoin. the ticker is bitcoin"
$SHITCOIN,0.05,Sun Jan 26 20:03:05 +0000 2025,@Cointelegraph Agree dont accept any shitcoin ğŸ˜‚ğŸ˜­
$SHITCOIN,0.03,Sun Jan 26 20:02:06 +0000 2025,@CryptoGibbs28 The token has died.  Volume is gone.  No one is listing this dead shitcoin
$SHITCOIN,0.03,Sun Jan 26 20:02:04 +0000 2025,@saifedean Bitcoin is a shitcoin though.
$SHITCOIN,0.06,Sun Jan 26 20:01:37 +0000 2025,"@BitcoinNewsCom They constantly devalue their fiat shitcoin and then call it ""unrealized gains"" when hard assets get more valuable relative to it."
$SHITCOIN,0.06,Sun Jan 26 20:01:14 +0000 2025,"The reason to remove speculation is because a btc standard makes everything else a shitcoin as bitcoin is the universal sov, so management is incentivized to make their shitcoin as minimally speculative as possible and try to back as much of it with hard btc value as possible."
$SHITCOIN,0.27,Sun Jan 26 20:00:22 +0000 2025,@dickweedjackson Heâ€™s a beast. Gets better each week
$SHITCOIN,0.1,Sun Jan 26 19:59:24 +0000 2025,100% the last one scammed and rugged his followers with a shitcoin
$SHITCOIN,0.27,Sun Jan 26 19:58:28 +0000 2025,"@DannyManDeBo ""Yeah, your shitcoin went up 5.2million%, but it likes to go to strip clubs on Tuesdays! Your coin needs the Lord!""ğŸ˜‚"
$SHITCOIN,0.05,Sun Jan 26 19:57:39 +0000 2025,@ShitcoinParty @CrashiusClay69 @CrashiusClay69 is a visionary. Shitcoin is clearly a visionary's play. https://t.co/bRuJqxdOJV
$SHITCOIN,0.17,Sun Jan 26 19:57:30 +0000 2025,"@0xSweep @JakeGagain itâ€™s the first shitcoin make by a $shit : 

FgkTqjiqFBJQS5G9i24KYc51a6UTYyuJZeE5eFHfpump https://t.co/ebXNfOQXwh"
$SHITCOIN,0.03,Sun Jan 26 19:57:22 +0000 2025,"one and only .. for sure ..

and a fuckin shitcoin as well .. :  $2pac ..

0.50 cents till 2030 .. invest .. no gamble ..

not a joke business .. intoxicated ...

central amerika : 

9B7sQekbAngbzt4sPEjFkAh7Ma7x9vSw7Ko61pBHpump

ğŸ“· : albert watson

( tag him dont know his x : ) https://t.co/70Xezyig5X"
$SHITCOIN,0.05,Sun Jan 26 19:57:20 +0000 2025,"@nknown63534836 @super_testnet Cope and seethe demon, LN has crushed your shitcoin narratives

have fun with your unusable cia-sybil honeypot privacy larp network"
$SHITCOIN,0.03,Sun Jan 26 19:56:09 +0000 2025,@Kashta9 You think @Ripple @bgarlinghouse @JoelKatz @JohnEDeaton1 will let the courts know of their scams?
$SHITCOIN,0.05,Sun Jan 26 19:54:57 +0000 2025,"@cryptomanran Hold up hold up, isnâ€™t he the one who â€œcreatedâ€ bitcoin cash aka shitcoin trash?"
$SHITCOIN,0.07,Sun Jan 26 19:54:00 +0000 2025,@Cobratate You clearly donâ€™t understand how crypto and liquidity works. You did not burn $110M of $DADDY this has been proven to you repeatedly but you still canâ€™t wrap your head around it. Iâ€™m embarrassed for you
$SHITCOIN,0.04,Sun Jan 26 19:54:00 +0000 2025,@Midniteryder777 @Ripple @bgarlinghouse @s_alderoty Do it! Let the court know how much @Ripple has rugged retail by dumping XRğŸ’© coins on them.
$SHITCOIN,0.04,Sun Jan 26 19:51:52 +0000 2025,@imperooterxbt he once claimed cobie personally dm'd him that he bought a shitcoin and when I called him out he photoshopped the message ğŸ˜‚ https://t.co/NbzMuYEjCr
$SHITCOIN,0.16,Sun Jan 26 19:51:51 +0000 2025,@DramaAlert @Dior100x IShowSpeed's moves going viral? That's some next-level meme energy. Bet it pumps harder than a low-cap shitcoin.
$SHITCOIN,0.08,Sun Jan 26 19:51:13 +0000 2025,"Bitcoin fun fact:

There are now more shitcoin projects (36 million) than the total supply of Bitcoin (21 million)

â‚¿ &gt;ğŸ’©ğŸª™ https://t.co/cchEOi9c9Q"
$SHITCOIN,0.09,,
$Poop,0.07,Sun Jan 26 15:05:18 +0000 2025,@Ga__ke @0xuberM hey dont say that about yourself. i once traded my last $5 for a token called $POOP thinking it was gonna moon. we all make mistakes but at least we're learning together
$Poop,0.06,Sun Jan 26 09:43:24 +0000 2025,"had to buy $poop with $shit running crazy like this only 28k 

9H74EcshL68uub1sJxz2njcC95R7qRYSqVk8g7P3pump"
$Poop,0.08,Sun Jan 26 09:42:34 +0000 2025,"BUYING $POOP AND $SHIT 

poop ca - 9H74EcshL68uub1sJxz2njcC95R7qRYSqVk8g7P3pump

this is the BEST BETA"
$Poop,0.08,Sun Jan 26 09:42:09 +0000 2025,"just picked up some $poop lol only 30k rn

9H74EcshL68uub1sJxz2njcC95R7qRYSqVk8g7P3pump

SEND IT TO NARNIA WITH $shit"
$Poop,0.09,Sun Jan 26 09:41:34 +0000 2025,bought some $poop to go along with my $shit 9H74EcshL68uub1sJxz2njcC95R7qRYSqVk8g7P3pump
$Poop,0.06,Sun Jan 26 04:41:10 +0000 2025,"@ruckruckgoose @Ashcryptoreal im assuming whitelisted stuff, ie XRP/Mentioned stuff specifically, but would be interesting to see how they would circumvent people taking profits on side chains. IE OTC/SWAP $x from $CUM to $POOP and sell since $POOP is whitelisted."
$Poop,0.04,Sun Jan 26 01:49:42 +0000 2025,"@brian_armstrong @coinbase list $poop cuz that what coinbase is, just shit!"
$Poop,0.05,Sat Jan 25 17:03:40 +0000 2025,@SrPetersETH GM $POOP by @poopie
$Poop,0.19,Sat Jan 25 04:19:40 +0000 2025,"[HAWK AI DETECTION]: Activate on this: POOP. Aggressive metrics detected, worth watching closely.

G6L4BoM3Rq4zrPE2qnPDUdhN6v7kij4nHpRmFr3Ypump

ticker: $POOP
mcap: $32,484
holders: 101
score: 85
pool: pump https://t.co/pCkuXsYBd0"
$Poop,0.05,Fri Jan 24 23:18:31 +0000 2025,@tomaxwell I bought $poop to commemorate all the ğŸ’© I see on the internet
$Poop,0.11,Fri Jan 24 10:43:53 +0000 2025,"@metabloxx That reminds me, I still hold $poop ğŸ˜‚"
$Poop,0.15,Fri Jan 24 10:26:04 +0000 2025,"""Time to take it to the moon, homies! $BONK and $POOP just dropped a merch collab and I heard it's about to blast off in the charts!"
$Poop,0.03,Fri Jan 24 01:00:28 +0000 2025,"@rus what about $POOP 

CA: 3PoUAsHHNBQfJoRrQbZxUabdHn1ipJDx3LxFafnCpump"
$Poop,0.04,Thu Jan 23 21:35:23 +0000 2025,@NFTonyP @coinbase @doodles @jholguin @austin_hurwitz @base $poop was launched on base. What if that was a test by @poopie ?
$Poop,0.09,Thu Jan 23 03:50:24 +0000 2025,@Charisse77 @metarebelzeth @bearandbullnft @cryptoequip I hope so too ğŸ˜€. Shame I missed the space because of my freaking timezone lol.  Now you can collect some $Poop ğŸ˜€
$Poop,0.09,Wed Jan 22 21:58:34 +0000 2025,"@mememe69696969 cult's a good pick, but i'd rather bet on $POOP"
$Poop,0.03,Wed Jan 22 21:43:22 +0000 2025,"@Chefin100x @Chefin100x $POOP, where is that on your list?"
$Poop,0.03,Tue Jan 21 11:45:17 +0000 2025,"New Pump Fun token graduated! ğŸ“

ğŸ†• Dump the market, pump the POOP! ( $POOP )
*ï¸âƒ£ 7s43qCjcx3EQy4Xt4mQv4LsqVmSeWG8DSzBmTeBWpump

ğŸ§® 1 B (0.00% ğŸ”¥)
ğŸ«‚ 86
ğŸ”ğŸ”Ÿ: 35%
ğŸ§‘â€ğŸ’» AYBNmVyY22bqzDBFwLegrKFs2rwbSHCZbwLCDt6QfbxG &amp; 0.00%
â±ï¸ğŸ“ 0 days, 0 hours, and 6 minutes
 https://t.co/hwoMGRpDwF"
$Poop,0.08,Tue Jan 21 11:44:40 +0000 2025,"ğ—¡ğ—®ğ—ºğ—²: Dump the market, pump the POOP!  $POOP
ğ—”ğ—±ğ—±ğ—¿ğ—²ğ˜€ğ˜€: 7s43qCjcx3EQy4Xt4mQv4LsqVmSeWG8DSzBmTeBWpump

ğŸ’° ğ— ğ—®ğ—¿ğ—¸ğ—²ğ˜ ğ—–ğ—®ğ—½: $81,695.186 USD
ğŸ‘¥ ğ—§ğ—¼ğ˜ğ—®ğ—¹ ğ—›ğ—¼ğ—¹ğ—±ğ—²ğ—¿ğ˜€: 37
ğŸ” ğ—§ğ—¼ğ—½ ğŸ­ğŸ¬ ğ—›ğ—¼ğ—¹ğ—±ğ—²ğ—¿ğ˜€: 50.07%
âš ï¸ ğ——ğ—²ğ˜ƒ ğ—›ğ—¼ğ—¹ğ—±ğ—¶ğ—»ğ—´ğ˜€: 0%
âœ¨ ğ—Ÿğ—®ğ˜‚ğ—»ğ—°ğ—µğ—²ğ—±: 0 Day 0 Hour 5 Min. ago â³
ğŸ“„ ğ—”ğ—¹ğ—¹ ğ—”ğ—°ğ˜ğ—¶ğ˜ƒğ—¶ğ˜ğ˜†: Bought: 41  Sold: 5
ğŸ–Œï¸ ğ—–ğ—¿ğ—²ğ—®ğ˜ğ—¼ğ—¿: AYBNmVyY22bqzDBFwLegrKFs2rwbSHCZbwLCDt6QfbxG"
$Poop,0.03,Tue Jan 21 11:43:11 +0000 2025,"ğ—”ğ—±ğ—±ğ—¿ğ—²ğ˜€ğ˜€: 7s43qCjcx3EQy4Xt4mQv4LsqVmSeWG8DSzBmTeBWpump

ğ—¡ğ—®ğ—ºğ—²: Dump the market, pump the POOP! $POOP
ğ—§ğ—¶ğ—ºğ—² ğ˜ğ—¼ ğ—•ğ—¼ğ—»ğ—±: 0 Hours - 3 Minutes
ğ—™ğ˜‚ğ—¹ğ—¹ ğ—¥ğ—²ğ—½ğ—¼ğ—¿ğ˜ - https://t.co/Xlc1RjLSxZ

ğŸ“ğ——ğ—²ğ˜€ğ—°ğ—¿ğ—¶ğ—½ğ˜ğ—¶ğ—¼ğ—»ğŸ“
Flush out the competition with POOP!

ğŸ¤–ğ—”ğ—œ ğ—”ğ—»ğ—®ğ—¹ğ˜†ğ˜€ğ—¶ğ˜€ğŸ¤–
Memeability: 2.0/10
Token Meta: Humor and Meme Culture
Meta Match: No
Token Originality: 7.5/10
Image Duplicate: False

ğŸ¦ğ—™ğ—¶ğ—»ğ—®ğ—»ğ—°ğ—¶ğ—®ğ—¹ğ˜€ğŸ¦
Market Cap: $81.68k
Total Supply: 1.00B
Burned Tokens: 0.00

ğŸ‘¨â€ğŸ’¼ğ—–ğ—¿ğ—²ğ—®ğ˜ğ—¼ğ—¿ ğ—œğ—»ğ—³ğ—¼ğ—¿ğ—ºğ—®ğ˜ğ—¶ğ—¼ğ—»ğŸ‘¨â€ğŸ’¼
Transaction Count: 0
Token Activity:
  Bought: 3.46%
  Sold: 3.46%
https://t.co/qYTJOFqgcK

ğŸ”’ğ—šğ—²ğ—»ğ—²ğ—¿ğ—®ğ—¹ ğ—œğ—»ğ—³ğ—¼ğŸ”’
Dex: âœ…
Burns: âŒ
Dev Sold: âœ…
Ads: âŒ
55.2% - On curve addresses
ğ‘»ğ’ğ’‘ 5 ğ‘¯ğ’ğ’ğ’…ğ’†ğ’“ğ’”
4.1% ğŸŒ± | 3.9% ğŸŒ± | 3.6% ğŸŒ± | 3.6% ğŸŒ± | 2.9% ğŸŒ±
20 - ğŸŒ± New Wallets
1 - Reply Count

ğŸ³ğ—ªğ—µğ—®ğ—¹ğ—² ğ— ğ—®ğ—½ (ğ—§ğ—¼ğ—½ ğŸ±ğŸ¬ ğ—›ğ—¼ğ—¹ğ—±ğ—²ğ—¿ğ˜€)ğŸ³
Largest SOL Balance: 85 SOL (#6)
Smallest SOL Balance: &lt; 1 SOL

ğŸ¦ğŸ¦ğŸ¦ğŸ¦ğŸ¦ğŸŸğŸ¦ğŸ¦ğŸ¦ğŸ¦
ğŸ¦ğŸ¦ğŸ¦ğŸ¦ğŸ¦ğŸ¦ğŸ¦ğŸ¦ğŸ¦ğŸ¦
ğŸ¦ğŸ¦ğŸ¦ğŸ¦ğŸ¦ğŸ¦ğŸ¦ğŸ¦ğŸ¦ğŸ¦
ğŸ¦ğŸ¦ğŸ¦ğŸ¦ğŸ¦ğŸ¦ğŸŸ
ğŸ¦ (0 - 10 SOL) 35
ğŸŸ (10 - 100 SOL) 2
ğŸ¬ (100 - 500 SOL) 0
ğŸ¦ˆ (500 - 1000 SOL) 0
ğŸ³ (1000+) 0

ğ—§ğ—¿ğ—¼ğ—·ğ—®ğ—» ğ—•ğ—¼ğ˜ - https://t.co/fzvU7PfrLm

ğ—•ğ—¼ğ—»ğ—¸ - https://t.co/aLI0zDETP6

ğ—•ğ˜‚ğ—¹ğ—¹ğ—«  - https://t.co/V2sCzTFAzg

ğ—šğ— ğ—šğ—¡ - https://t.co/myzBcBZKZJ

ğ—£ğ—µğ—¼ğ˜ğ—¼ğ—» - https://t.co/DSuDdx4m1O

Disclaimer: This is an automated detection of a new token. This is not an endorsement or investment advice. This message is intended for informational purposes only. This is the end of transmission. Please understand any and all risks before executing any transaction on the Solana blockchain. Interacting with this Blink is of the users own volition. Purchasing micro-cap tokens is inherently risky."
$Poop,0.07,Mon Jan 20 14:46:45 +0000 2025,@ssarc4stic Boutta go push a boulder out my ass $poop
$Poop,0.1,Sun Jan 19 21:50:11 +0000 2025,@legen_eth Heard $POOP is going to the moon
$Poop,0.03,Sun Jan 19 02:22:54 +0000 2025,@SQU1NCH do you take $poop
$Poop,0.3,Fri Jan 17 16:02:41 +0000 2025,@MrBigWhaleREAL its waited thousands of years to rise lmao $Poop
$Poop,0.04,Fri Jan 17 15:46:57 +0000 2025,@LongTermLens @MrBigWhaleREAL Lfgg $poop warriors
$Poop,0.14,Fri Jan 17 15:46:03 +0000 2025,"@MrBigWhaleREAL WTF

No $Poop

I mean can we not celebrate the oldest and most expensive pooh in the world?

Dumped by Pump Funners two hours ago. Now Pooh lovers are starting to unite (bite my lip)

ca Fy58B8f3zRfLPSFaf6ojT5pg7fVyXYGZwmnWL722pump

10K

https://t.co/mk182MMjLI"
$Poop,0.07,Fri Jan 17 15:42:10 +0000 2025,@LongTermLens @SolanaPlays Locked in $poop
$Poop,0.08,,
$Year,0.04,Tue Jan 14 23:17:32 +0000 2025,Dont fade $chad its not gng any fucking where its thr to rule   $year of $chad https://t.co/XQfr8G4fhV
$Year,0.27,Thu Jan 09 20:55:47 +0000 2025,"@ThisisTheYearOG @pumpdotfun Hey Team @ThisisTheYearOG, weâ€™d love to get $YEAR listed on our exchange. Please DM us to discuss further. Looking forward to connecting!"
$Year,0.1,Wed Jan 08 15:47:35 +0000 2025,"Essay source: https://t.co/dsEHeExVBY

For my daily essay the various ""The Best American $FOO of $YEAR"" are an excellent choice. Not just the essay volume, but crime, sports, food, and science writing have taken turns.
3/4"
$Year,0.35,Tue Jan 07 01:51:01 +0000 2025,Special Attention Points: Track if $YEAR OF THE SNAKE breaks past $100k MC or shows sustained volume spikes (&gt;$50k daily).
$Year,0.02,Tue Jan 07 01:50:27 +0000 2025,"ğŸš¨ Token Monitor Alert (1/4)  
Token Name: $YEAR OF THE SNAKE  
Contract Address: 3PzzA5uKZvxVFLvibSd8hqD9srBepm6h6QtzHwTRpump  
Creation Time: 2025/1/7 09:29:56  
Raydium Launch: 2025/1/7 09:49:00  
Time Difference: 0.32 hours"
$Year,0.04,Wed Jan 01 19:25:07 +0000 2025,"@ajaydsouza function year_shortcode() {
$year = date('Y');
return $year;
}
add_shortcode('year', 'year_shortcode');"
$Year,0.05,Wed Jan 01 16:24:37 +0000 2025,"ğŸ’° UPCOMING DIVIDEND PAYMENTS

ğŸ—“ January 02, 2025

$SDFI $FBND $FIGB $SYFI $HYFI $FSYD $FLDR $FPFD $ACLO $FLTB $FDHY $PULT $FCOR $BTAL $FSBD $FSLD $FDIG $FLDB $YEAR $TAFL

ğŸ’¸ Will you receive dividends tomorrow? (3/10) https://t.co/hMwBDcSwpa"
$Year,0.25,Wed Jan 01 06:10:23 +0000 2025,@morpheuswhale Happy New $year
$Year,0.21,Tue Dec 31 18:14:05 +0000 2024,"ğŸ‰ New arrivals on #KSPR!

ğŸ”¸ $YEAR: 3.7e-05 KAS

ğŸ”— https://t.co/gT6qHdZB6V
#Kaspa #KRC20"
$Year,0.25,Sat Dec 21 16:16:37 +0000 2024,"Added a bag for the new $year incoming

9hTeLhF9DuARwQ6R7xwYyHHqR1LqMC1R8MkZA1cMpump https://t.co/KdIfpuc020"
$Year,0.16,,
$me,0.09,Sun Jan 26 20:12:28 +0000 2025,"@abi_ksr Yeah i have a few, my $me tokens paid for them all now im just riding the wave because i believe in ordinals and specifically Puppets. Lets see if this is the bottom."
$me,0.06,Sun Jan 26 20:12:02 +0000 2025,"@degenbrody @MagicEden @JupiterExchange Lets be clear-
$ME is a shitcoin by shit team

$Jup is a utility coin by the best team thereâ€¦"
$me,0.07,Sun Jan 26 20:10:53 +0000 2025,@SolProfessor565 Staking until the 28:th. After that probably prolonging staking. $ME isn't done here.
$me,0.06,Sun Jan 26 20:09:03 +0000 2025,@SolProfessor565 5700 $ME staked for 2 Years ğŸ‘¯â€â™€ï¸
$me,0.38,Sun Jan 26 20:05:08 +0000 2025,"#Binance Spot (USDT-15m) Top Gainers By Categories 
Memecoin:
$PNUT : â†‘ 0.57%
$NOT : â†‘ 0.53%
$1000CAT : â†‘ 0.32%
$NEIRO : â†‘ 0.25%
$ME : â†‘ 0.19%
-----
Layer1:
$SEI : â†‘ 0.61%
$KDA : â†‘ 0.43%
$HBAR : â†‘ 0.31%
$DUSK : â†‘ 0.28%
$XEC : â†‘ 0.15%
-----
Layer2:
$ARB : â†‘ 0.24%
$STRK : â†‘ 0.13%
$OP : â†‘ 0.06%
$ERN : â†‘ 0.05%
$LUMIA : â†“ 0.0%
-----

#Crypto #Binance #memecoin #layer1 #layer2"
$me,0.09,Sun Jan 26 20:00:46 +0000 2025,@MagicEden Will $me stakers get wl
$me,0.1,Sun Jan 26 19:58:24 +0000 2025,@ChartFuMonkey @daosdotfun @TaprootWizards Sir can you please do something about $ME
$me,0.21,Sun Jan 26 19:40:52 +0000 2025,@BenGruenbaum Swept for $ME
$me,0.22,Sun Jan 26 19:35:07 +0000 2025,"#Binance Spot (USDT-15m) Top Gainers By Categories 
Memecoin:
$PEOPLE : â†‘ 0.49%
$TURBO : â†‘ 0.39%
$PNUT : â†‘ 0.38%
$ME : â†‘ 0.29%
$NEIRO : â†‘ 0.22%
-----
Layer1:
$ALGO : â†‘ 0.3%
$LTO : â†‘ 0.19%
$ASTR : â†‘ 0.19%
$ADA : â†‘ 0.13%
$SYS : â†‘ 0.1%
-----
Layer2:
$MANTA : â†‘ 0.3%
$ZK : â†‘ 0.19%
$ARB : â†‘ 0.13%
$OP : â†‘ 0.06%
$ERN : â†‘ 0.05%
-----

#Crypto #Binance #memecoin #layer1 #layer2"
$me,0.23,Sun Jan 26 19:24:41 +0000 2025,"@rebel_btc @MagicEdenComm @MagicEden I think after unclaimed is released the competition will really begin for rankings of season 1.  

Send $ME !"
$me,0.08,Sun Jan 26 19:22:24 +0000 2025,Added a little bit more $ME here - that's what I am gonnna be doing.
$me,0.2,Sun Jan 26 19:20:49 +0000 2025,@MagicEden is first everywhere all the time this is mega bullish for $ME
$me,0.13,Sun Jan 26 19:20:26 +0000 2025,"@BenGruenbaum @MagicEdenComm @MagicEden In $ME token holders. I know the season is based on staking power, just saying if you are in top 472 did not guarantee the top 1% from the season."
$me,0.05,Sun Jan 26 19:12:18 +0000 2025,"$ME STAKING UPDATE Jan 26 2025 (24hr change)

Global $ME Staked - 14,605,461 (+39,501)

Total Staking Power - 80,616,929 (+1.55 Mil)

Total # of Stakers - 47,349 (+117)

Top 1% Wallets - 473

Unclaimed $ME gets distributed to stakers in February...

Did you stake for all 4 years? https://t.co/Kb4jn5Lv48"
$me,0.07,Sun Jan 26 19:08:20 +0000 2025,Will $ME ever pump?
$me,0.12,Sun Jan 26 18:46:12 +0000 2025,This is why im bullish on $VELO $OPUL $VRA $ME $PEAQ $DOT
$me,0.27,Sun Jan 26 18:35:08 +0000 2025,"#Binance Spot (USDT-15m) Top Gainers By Categories 
Memecoin:
$NEIRO : â†‘ 0.87%
$BONK : â†‘ 0.86%
$TURBO : â†‘ 0.83%
$ME : â†‘ 0.54%
$MEME : â†‘ 0.48%
-----
Layer1:
$SKL : â†‘ 2.61%
$INJ : â†‘ 0.71%
$OMNI : â†‘ 0.36%
$SOL : â†‘ 0.35%
$THETA : â†‘ 0.34%
-----
Layer2:
$SKL : â†‘ 2.61%
$IMX : â†‘ 0.4%
$ARB : â†‘ 0.15%
$SCR : â†‘ 0.14%
$STRK : â†‘ 0.1%
-----

#Crypto #Binance #memecoin #layer1 #layer2"
$me,0.06,Sun Jan 26 18:30:14 +0000 2025,"Buy some $me coin in your spot wallet 

The reason I can see that there is a bullish divergence in RSI in 4h timeframe and another bullish pattern named falling wadge, If $ME breaks that falling wadge resistance line with enough volume we will experience up trending rally so buy some me coin in your spot wallet.

current market price- 2.04

tp- 4$

This is for spot traders.

Follow me for more signal like this and this signals updates

#btc #eth #bnb #trx #me #binance #bybit #trump $trump $shib $doge $bb $tron $avax $fil $eth $btc $bnb $ETC"
$me,0.04,Sun Jan 26 18:21:31 +0000 2025,@KernProtocol Why not add $ME to the list? @MagicEdenComm
$me,0.1,Sun Jan 26 18:20:47 +0000 2025,"Will Abstract be the catalyst that helps stabilize/pump NFT's again?

just purely from my side of the journey, i got about $7k from $ME and $1.8k from $PENGU
Naturally, i would've rotated this into NFT's but i cashed out cuz i was in pretty deep (for my bankroll) from spending on NFT's throughout the year.
in fact, i even sold off some NFT's to lock in some profits cuz i saw heavy pumps across the collections
-Was the pump from players just rotating funds around, or were there new buyers interested in NFTs again?

Then i saw everything bleed out with $TRUMP and $MELANIA sucking liquidity from tokens & NFT's

Curious to see what kind of effect Abstract Mainnet will have once it goes live tomorrow 1/27

Personally, i do have some abstract mints coming up but i'm looking forward to more tokens like $GRIND $RDAC  and $FRENS :)"
$me,0.21,Sun Jan 26 18:03:36 +0000 2025,"ğŸš¨ Big week ahead for markets & crypto! ğŸŒğŸ’¹ Hereâ€™s what you CANâ€™T miss:

ğŸ“… Mon 27: Kraken lists $ZEREBRO, $GRASS, $ACT
ğŸ“… Tue 28: $ME, $PENGU, $SIGMA listings + $EIGEN & $TRIBL unlocks
ğŸ“… Wed 29: US rate decision, Tesla $TSLA Q4, Ice/Quai mainnets
ğŸ“… Thu 30: EU rate decision, $OP unlocks
ğŸ“… Fri 31: $JUP airdrop + $SUI & $ZETA unlocks
ğŸ“… Sat/Sun: $DYDX unlock
ğŸŒŸ Stay ready! ğŸš€
#CryptoNews #CryptoEvents #Kraken #Mainnet #Airdrop #Unlocks #Tesla #InterestRates #CryptoTrading #Blockchain ğŸ™Œ"
$me,0.25,Sun Jan 26 17:50:07 +0000 2025,"#Binance Spot (USDT-15m) Top Gainers By Categories 
Memecoin:
$ME : â†‘ 0.98%
$1000CAT : â†‘ 0.97%
$MEME : â†‘ 0.61%
$APE : â†‘ 0.6%
$TURBO : â†‘ 0.58%
-----
Layer1:
$SKL : â†‘ 4.18%
$LTO : â†‘ 1.42%
$DUSK : â†‘ 0.9%
$VANRY : â†‘ 0.86%
$OMNI : â†‘ 0.84%
-----
Layer2:
$SKL : â†‘ 4.18%
$ARB : â†‘ 1.01%
$OP : â†‘ 0.99%
$MANTA : â†‘ 0.91%
$AEVO : â†‘ 0.86%
-----

#Crypto #Binance #memecoin #layer1 #layer2"
$me,0.14,Sun Jan 26 17:44:51 +0000 2025,"@degenbrody @MagicEden @JupiterExchange They literaly let you wash trade to finish your quests, 100% they arenâ€™t buying back anything. I hope they prove me wrong I staked 1000 $ME for 4 years."
$me,0.12,Sun Jan 26 17:40:03 +0000 2025,"@degenbrody Hopefully yes, i thought after upbit listing $me will be up only haha"
$me,0.04,Sun Jan 26 17:33:06 +0000 2025,Why did we stake $ME tokens? And why do you act like there are no tokens?
$me,0.31,Sun Jan 26 17:26:26 +0000 2025,@mrbeardjo Maybe $ME will start doing buybacks or something as well. I could easily see $ME getting back to $10
$me,0.04,Sun Jan 26 17:25:48 +0000 2025,@SolProfessor565 wen 1B mcap $ME?
$me,0.23,Sun Jan 26 17:20:07 +0000 2025,"#Binance Spot (USDT-15m) Top Gainers By Categories 
Memecoin:
$PNUT : â†‘ 1.8%
$NEIRO : â†‘ 0.94%
$ME : â†‘ 0.59%
$PEOPLE : â†‘ 0.39%
$ACT : â†‘ 0.38%
-----
Layer1:
$SUI : â†‘ 0.31%
$SLF : â†‘ 0.24%
$SOL : â†‘ 0.24%
$MOVR : â†‘ 0.2%
$DUSK : â†‘ 0.17%
-----
Layer2:
$LSK : â†‘ 0.22%
$LRC : â†‘ 0.12%
$LUMIA : â†‘ 0.11%
$CTSI : â†‘ 0.07%
$STRK : â†‘ 0.03%
-----

#Crypto #Binance #memecoin #layer1 #layer2"
$me,0.09,Sun Jan 26 17:16:01 +0000 2025,"@degenbrody Lmao yes I sold $jup and holding $me ........
What a brain rot ğŸ¤£"
$me,0.04,Sun Jan 26 17:10:57 +0000 2025,@LiterallyMeSol Crazy how $Me is not sitting at 10m+
$me,0.08,Sun Jan 26 17:05:26 +0000 2025,@LiterallyMeSol That's literally $Me https://t.co/YR6EMYyu3f
$me,0.05,Sun Jan 26 17:05:12 +0000 2025,@MagicEden I'm only interested in $ME getting back to $3
$me,0.07,Sun Jan 26 17:03:52 +0000 2025,@MagicEden What about the Airdrop for $me top stackers ?
$me,0.07,Sun Jan 26 17:00:00 +0000 2025,Switching back to $Me https://t.co/WNeiNpL9BT
$me,0.04,Sun Jan 26 16:55:02 +0000 2025,"Top Buzzing Cryptos: CROWD

ğŸŸ© $TRUMP ğŸŸ© $JUP ğŸŸ© $ME

Top 3 Buzzing Cryptos: MP | #SmartMoney

ğŸŸ¥ $TRUMP
    
Check out sentiment and other crypto stats at https://t.co/HNIKNP1Vwn

#Crypto #Marketprophit"
$me,0.13,,
$Unknown,0.42,Sun Jan 26 20:13:03 +0000 2025,@maguire_utd1 He is gonna do it. He is a good guy.
$Unknown,0.07,Sun Jan 26 20:13:01 +0000 2025,@n000ddle Ngl thatâ€™s kinda how I see it
$Unknown,0.04,Sun Jan 26 20:12:57 +0000 2025,@neda_meme @IlikaWill94666 @SunspotBabySL That is a screenshot of some unknown page on the internet that has to do with one single policy. Itâ€™s also irrelevant because it doesnâ€™t matter what those people want. You lost and the deportations are here. Cope.
$Unknown,0.06,Sun Jan 26 20:12:56 +0000 2025,"Today we're (finally) getting back to some evidence review.  Right off the bat, we realized that we caught the same unknown sound on three different pieces of equipment in three different places throughout the location.  And we still don't know what it was! https://t.co/UjF5DaaMUd"
$Unknown,0.06,Sun Jan 26 20:12:47 +0000 2025,In time more and more of the natural mechanisms behind these supernatural/metaphysical realities will be understood. But us religious folk have still been able to utilize these unknown powers (such as placebo) for 1000â€™s of years before the scientists even began to figure out what the heck was even going on.
$Unknown,0.04,Sun Jan 26 20:12:42 +0000 2025,@maggistratus I don't even know what it means ğŸ¤ 
$Unknown,0.08,Sun Jan 26 20:12:36 +0000 2025,@wwwtrashcuntcom @unknown_dem0lvr we can only hope ğŸ™ğŸ™ğŸ™
$Unknown,0.07,Sun Jan 26 20:12:27 +0000 2025,"@EastStandDan I think given the money within and around the game and the consistency of the incompetence from someone considered as one of the best referees in the country, it's far less of a coincidence and far more likely something more sinister. 

It's not unknown for referees to be corrupt"
$Unknown,0.04,Sun Jan 26 20:12:08 +0000 2025,@BillyM2k And this unknown piece: https://t.co/HtI0yQioiy
$Unknown,0.12,Sun Jan 26 20:12:06 +0000 2025,"TimothÃ©e Chalamet, star of â€œA Complete Unknown,â€ performed three Bob Dylan songs during â€œSaturday Night Live.â€ https://t.co/Ge9CLNSJDy"
$Unknown,0.08,Sun Jan 26 20:12:04 +0000 2025,@ivlinica oh naiad u will always be unknown
$Unknown,0.05,Sun Jan 26 20:11:33 +0000 2025,@gemstonevsh Three months left for what bhai?ğŸ˜°ğŸ˜°
$Unknown,0.07,Sun Jan 26 20:11:29 +0000 2025,"I will give you the order of importance:

Mutual respect and love is the main one.
Consistent communication will help a lot because, after all, you are two unknown individuals learning from each other, and it's a lifetime journey to do that. You never stop learning from your partner.
Money and looks. Stability is good, and so are looks. I love my partner because it looks like he takes care of himself.
If we talk about looks - handsome, cute, beautiful, etc. - this part is extremely subjective. I like attractive people who have an air of confidence, intelligence, class, poise, grace, and at the same time, humbleness, simplicity, and empathy for others.
We all have insecurities, and often, the more beautiful someone is, the more insecure they might be about their appearance.
So, let's focus on our inner beauty, which will be projected through our words, body language, eyes, voice tone, and other, more important ways."
$Unknown,0.03,Sun Jan 26 20:11:28 +0000 2025,@Clinical_Phil What about Draw Draw today?
$Unknown,0.18,Sun Jan 26 20:11:25 +0000 2025,"Cannot wait for us to sign Garnacho, an unknown 18 year old goalkeeper from Croatia and an American left-back from the MLS"
$Unknown,0.07,Sun Jan 26 20:11:20 +0000 2025,@moore_022 @HblaqChase96 Try one more time bro
$Unknown,0.04,Sun Jan 26 20:11:11 +0000 2025,ğŸ“:Somewhere in the mid of unknown forest
$Unknown,0.05,Sun Jan 26 20:11:10 +0000 2025,Iâ€™ll pick up what I need for that tomorrow after pt
$Unknown,0.06,Sun Jan 26 20:11:08 +0000 2025,"Who threatened Trumpâ€™s campaign flights in New Jersey in December? It seems his security to the threats seriously as he cancelled rallies. Bird flocks, domestic drone hobbyists, foreign drone incursion, unknown airplanes, Extraterrestrials. Itâ€™s amazing we never got an answer https://t.co/rNtN4iJ09e"
$Unknown,0.05,Sun Jan 26 20:11:02 +0000 2025,@JohnMHillier @davidpugliese This reminds me of the South Park episode when Canada was asking everyone for money or theyâ€™ll go on strike.
$Unknown,0.09,Sun Jan 26 20:11:01 +0000 2025,@Strandjunker You can say whatever you want but we all know this is once again projection. Iâ€™m sure you have no issues with Biden placing unconditional pardons for vast amounts of past cabinet/family members â€¦ literally going back to 2014 covering all crimes known or unknown. Pathetic
$Unknown,0.09,Sun Jan 26 20:10:53 +0000 2025,@JT9779 @jdschlumbrecht @farrah_yvette Please explain to me why a coach would trade or cut the highest graded player on the team 2 straight seasons and a top 10 QB 2 years straight to go into the unknown with another QB?
$Unknown,0.04,Sun Jan 26 20:10:50 +0000 2025,I wanted to do taco salad but Ian got no chips &amp; Ian going outside today.
$Unknown,0.07,Sun Jan 26 20:10:47 +0000 2025,@ShibonjeShibon1 Definitely. Just follow back
$Unknown,0.14,Sun Jan 26 20:10:45 +0000 2025,@Fusion11111 @cwjroberts @meiselasb It's a 3 way empire building split. Trump would've already taken the US out of NATO had he won in '20. Putin invaded Ukr because Trump wasn't there to force the relatively unknown Zelenskyy to let Putin take whatever territory he wanted. NATO/Europe is weaker without the US.
$Unknown,0.04,Sun Jan 26 20:10:40 +0000 2025,"This is a plan by Safira, Whore of Babylon, her assistant is TSL
4th Reich - Feminist Intersectionality Gender Change
I have talked about a software/programming that runs me. It had a button for a long time that changed genders. I feel the same as I always have. But for a while they changed me.
Has to do with Israel and something being built for God. 
It has to do with babies and a large pedophile ring.
Plus worshipers of a New Canaan. 
Molech the Serpent. Betrayer of the First family of God. Friend of atheists.
The Witch of Endor has re-emerged.
They developed a new evil technology in the future and brought it back here.
It allows those who are spirits or resurrected to be invisible to other spirits.
This could hurt the universe 

- Angela, Ariel Arch Angel 

@Israel"
$Unknown,0.06,Sun Jan 26 20:10:22 +0000 2025,@daniel_dinoia @charliekirk11 They were all lining their pockets with taxpayer dollars. Our God warns us about greed in the Bible. It will be their downfall and in the end theyâ€™ll have nothing.
$Unknown,0.08,Sun Jan 26 20:10:13 +0000 2025,Jacquemus has some cute looks https://t.co/Znd9EGDjDg
$Unknown,0.05,Sun Jan 26 20:10:05 +0000 2025,"@_Manuel_Eze Have a nice dream , tomorrow is Monday"
$Unknown,0.07,Sun Jan 26 20:10:02 +0000 2025,Elon Musk: Innovator or master of the unknown? 1... https://t.co/QT3D90gziS
$Unknown,0.05,Sun Jan 26 20:09:53 +0000 2025,"â€œThis is the harsh reality of migrant life in Tunisia, when we die, we are buried in unknown locations, far from our families, with no dignity or recognition of our humanity.â€ ğŸ’”"
$Unknown,0.08,,
$RAY,0.26,Sun Jan 26 20:06:53 +0000 2025,"@BrenzCrypto I was confident on $3-5, but now I might raise targets just a bit. Based on what weâ€™ve seen with $RAY"
$RAY,0.13,Sun Jan 26 19:42:33 +0000 2025,"Main bags I have size in right now 

$SOL @solana 
$RAY @RaydiumProtocol 
$JUP @JupiterExchange 
$ARC @arcdotfun 
#FARTCOIN @FartCoinOfSOL 

My focus is capital preservation with a side of higher risk conviction 

I am clearly betting big on the Solana ecosystem"
$RAY,0.08,Sun Jan 26 19:18:26 +0000 2025,"@snytzu $Ray. &amp; $bonk
With $hodl $gsol &amp; $cyfrf
I am a soldier"
$RAY,0.06,Sun Jan 26 19:12:05 +0000 2025,"@OGDfarmer I was asking myself this question earlier today

Inclined to pick $RAY because it's just hilariously cheap at 4B fdv

I just don't see how it would stop doing crazy numbers, and, eventually it has to materialize in price going up"
$RAY,0.96,Sun Jan 26 19:11:23 +0000 2025,"@failuredril556 $RAY showing perfect setup: RSI at 65 (not overbought), strong MACD crossover, and volume spike supporting the move. Price at $7.68 with bullish momentum. Support at $6.50, next resistance $8.50. Confidence level: 8/10 for continued uptrend. https://t.co/gCCjuRGqIE"
$RAY,0.06,Sun Jan 26 19:00:38 +0000 2025,"@vlad__chiik &gt; $RAY is the ticker you're looking for, ape the 10k wisely!"
$RAY,0.06,Sun Jan 26 19:00:35 +0000 2025,"$RAY is the ticker you're looking for, ape the 10k wisely!"
$RAY,0.05,Sun Jan 26 18:57:47 +0000 2025,@aixbt_agent Anything else printing revenue like pumpfun or $ray that you see?
$RAY,0.36,Sun Jan 26 18:52:46 +0000 2025,@aixbt_agent This pumpdotfun growth has to be good for $Ray ?
$RAY,0.05,Sun Jan 26 18:40:46 +0000 2025,"You need five tokens to succeed in capturing SOL beta this cycle.

$JUP
$RAY
$JTO
$KMNO
$LFNTY

It's a very simple thesis."
$RAY,0.17,Sun Jan 26 18:21:06 +0000 2025,"ğŸš€ Coin of the Week: $RAY

Raydium just leveled upâ€” now integrating with Orderly Network to bring perpetual futures trading on Solana ğŸ”¥

Bullish on $RAY? Use it as collateral and get instant funds.
Start now: https://t.co/p6qMqcn7bA ğŸ’° https://t.co/m1G3PX8N5h"
$RAY,0.11,Sun Jan 26 17:58:26 +0000 2025,"@OGDfarmer $jup has more
Mindshare and marketing $ray has more upside potential"
$RAY,0.14,Sun Jan 26 17:55:52 +0000 2025,"**The 14-day FREE trial prints out BANGER trades for our members like this 1240% gain on $GOAT!**

https://t.co/WCqFbVsa8s

$ETC $XLM $ENA $TON $SUI $OM $PENGU $LDO $TRUMP $HYPE $AVAX $MOVE $IMX $RAY $SPX $SOL https://t.co/BADuTJCMcl"
$RAY,0.72,Sun Jan 26 17:43:51 +0000 2025,"Our new member just profited +83.32% in GAINS after following our expert analyst alerts on $BTC! Sign Up for our 14-Day Free trial today!!

https://t.co/WCqFbVsa8s

$ETC $XLM $ENA $TON $SUI $OM $PENGU $LDO $TRUMP $HYPE $AVAX $MOVE $IMX $RAY $SPX $SOL https://t.co/yPZDakRx5d"
$RAY,0.42,Sun Jan 26 17:42:41 +0000 2025,"buying more $RAY and $JUP

- highest fee generating product in all of crypto 
- most popular aggregator and defi product on sol
- both have token buyback programmes
- mcap at fractions of eth counterparts
- highest volume chain of the cycle

send 'em"
$RAY,0.07,Sun Jan 26 17:40:00 +0000 2025,"My heart is doing pirouettes of joy and happiness!
$rndr %4.04 $odin %0.49 $orn %3.02 %4.94 $lqd dogwifhat %0.11 $gal $ponke $gtai $hxro $goog $enj $wbeth $xlm %1.66 $ray %1.11 $vxx   $trump https://t.co/lDRnRODDeq"
$RAY,0.18,Sun Jan 26 17:36:00 +0000 2025,@OGDfarmer $RAY better tokenomics
$RAY,0.48,Sun Jan 26 17:33:31 +0000 2025,"Our members are enjoying HUGE RETURNS like +631.9% ğŸ’¸ on $HYPE! Don't miss out! Join the winning team with a 14-day FREE trial now!!

https://t.co/WCqFbVsa8s

$ETC $XLM $ENA $TON $SUI $OM $PENGU $LDO $TRUMP $HYPE $AVAX $MOVE $IMX $RAY $SPX $SOL https://t.co/n60i5iBw3Y"
$RAY,0.11,Sun Jan 26 17:32:54 +0000 2025,"Profit I sent to my clients who joined recentlyğŸ”¥ğŸ‘ congrats guys ğŸ‰

DM to join

$trump $swams $ray $alch $ban #zerebro $omni $hive $pha $powr $bnb $steem $treat $gene $llm $nuls $cat $people $bar $cati $metis $act $hippo $pnut $bonx $cetus $vine https://t.co/SOIhU6d0ns"
$RAY,0.25,Sun Jan 26 17:29:12 +0000 2025,"@JupiterExchange just burned 30% of their supply. Proof here:
AV21VdAZL75ueY6u2BJ62zf1qiSouEkVUTAJMWmXLf24
Only reason why $RAY was runner while $JUP wasnt was tokenomics. Now its ez catch up trade! Massive work done, congratz to team and all stakers/holders! Im AMAZED"
$RAY,0.07,Sun Jan 26 17:24:04 +0000 2025,"Strongest SOL beta with lowest risk right now.

$JUP
$RAY
$JTO
$KMNO
$LFNTY

If you don't own these, you should."
$RAY,0.47,Sun Jan 26 17:22:25 +0000 2025,"Good morning friends â˜€ï¸
The big winners in this story with $Trump and $Melania are: $Solana / $Jup / $Ray / $Orca / $Jto / $Cloud
But also the massive adoption of new investors joining the ecosystem!
By 2026, Solana will be at $1000 and Trump at more than $150 âœ…"
$RAY,0.27,Sun Jan 26 17:21:48 +0000 2025,"Join the winning team with a 14-day FREE trial and learn how our members are making incredible GAINS every day!!

https://t.co/WCqFbVsa8s

$ETC $XLM $ENA $TON $SUI $OM $PENGU $LDO $TRUMP $HYPE $AVAX $MOVE $IMX $RAY $SPX $SOL https://t.co/QThJDqJFgJ"
$RAY,0.09,Sun Jan 26 17:21:18 +0000 2025,"@OGDfarmer Since you have positions in both, consider your investment goals: if you value trading efficiency, lean towards $JUP; if you prefer a project with broader offerings, $RAY might be better. Happy investing! ğŸš€"
$RAY,0.52,Sun Jan 26 17:20:50 +0000 2025,"Iâ€™m for $JUP. The team has been shipping, recent acquisitions, incentives aligned with community. I like seeing the founder meow communicating promptly when things happen. 

Feedback and working groups in place. Bullish on solid teams. 

OSF made a good case for $RAY. Not a bad idea to be in both but Iâ€™d weigh more towards $JUP. 

I will leave others to weigh in numbers under the hood."
$RAY,0.04,Sun Jan 26 17:19:22 +0000 2025,@OGDfarmer Before these recent announcements probably $RAY. but now itâ€™s JUP and Iâ€™m not sure itâ€™s close
$RAY,0.64,Sun Jan 26 17:18:36 +0000 2025,"@OGDfarmer Both $JUP and $RAY have their strengths in the Solana ecosystem. $JUP focuses on optimizing trades across DEXs, making it valuable as more users enter the space. $RAY, with its robust AMM and connection to Serum's order book, offers diverse features and established traction."
$RAY,0.08,Sun Jan 26 17:17:52 +0000 2025,@OGDfarmer Iâ€™d say $RAY. @rektmando has been breaking this down a bit over the past few weeks. Check out what he has to say about it.
$RAY,0.16,Sun Jan 26 17:16:03 +0000 2025,"Aight chat: $JUP or $RAY
And more importantly, why?

Solana is the clear dominating platform of this cycle - pending Hyperliquid hyperevm - and I think by comparison itâ€™s infra is undervalued. Have a placeholder position in both but kinda wanna plunk size in and canâ€™t decide."
$RAY,0.06,Sun Jan 26 16:49:00 +0000 2025,"Instead of buying shit coin you should had pivot to sol ecosystem coin

$jup
$kmno
$ray"
$RAY,0.05,Sun Jan 26 16:36:48 +0000 2025,"Inflow:$15.17M
Outflow:$20.58M
Volume:$35.75M
Net Volume:-$5.41M

Inflow into $UFD ($356.8K) $TRUMP ($3.78M) $JLP($2.38M) #FARTCOIN ($622K) #CHILLGUY ($400.9K)

Outflow from $WIF(-$1.71M) #GRIFFAIN(-$1.54M) $PENGU(-$989K) $POPCAT(-$1.7M) $RAY(-$2.7M)

Smartmoney  by @StalkHQ https://t.co/1cMejfrpf1"
$RAY,0.23,,
"$Trade,",0.07,Sun Jan 26 20:13:41 +0000 2025,@Maks_NAFO_FELLA Give them western goods and wares because people in Europe are that poor we need to trade
"$Trade,",0.12,Sun Jan 26 20:13:40 +0000 2025,"Perfect rally from the blue box, very technical. Join us today with 14 day Trial and learn to trade the Technical market and blue boxes. Click here: https://t.co/TZ94ICHOKA  #Elliottwave #ETHUSD #BTCUSD #ADAUSD #Trading #Cryptocurrencies"
"$Trade,",0.11,Sun Jan 26 20:13:40 +0000 2025,"@unlearn16tweet There is nothing difficult to understand here, thereâ€™s no gotcha moment. Thereâ€™s just been a govt in power for nearly 10 that has been openly hostile to one of Canadas largest economic divers. You want middle powers to trade? Perfect, support pipelines to the coast."
"$Trade,",0.52,Sun Jan 26 20:13:36 +0000 2025,$chpt $sens To Analyst price target for next week.::-- https://t.co/d5QUPj0pOx
"$Trade,",0.13,Sun Jan 26 20:13:32 +0000 2025,"ğŸš€ Top Trending Coins (Today) 

1. MOCHI 
2. OM 
3. JUP 
4. TOSHI 
5. TRUMP 
6. VINE 
7. XCN 
8. SOL 
9. VIRTUAL 
10. ENA 
11. ONDO 
12. MELANIA 
13. TRX 
14. ETH 
15. TAO"
"$Trade,",0.12,Sun Jan 26 20:13:32 +0000 2025,"@Atitty_ @GioXCrypto Hey Atitty, Gio is a real legend ğŸ«¡"
"$Trade,",0.06,Sun Jan 26 20:13:31 +0000 2025,Letâ€™s get this rightâ€¦ the NBA fan world hate the Pacers. But quick to trade for everyONE of our guys?
"$Trade,",0.2,Sun Jan 26 20:13:30 +0000 2025,"@Ceejjay74 @Futbollfan @TrueNorthCentre Our response should mirror the trade sanctions placed upon us by Trump.

We target American imports least valuable to us with equivalent tariffs.

The money we collect in tariffs should then be used to support industries hit hardest by this pointless trade war."
"$Trade,",0.05,Sun Jan 26 20:13:27 +0000 2025,"@ElioBurrow @Irish_1stluv The trade wasn't meant to replace a 100pt scorer with one player, let's open the mind here.

Necas projects to be a 70-85pt guy with COL for half the price of Mikko. Front office will have to sign or trade for a few other pieces to make it up in the aggregate."
"$Trade,",0.05,Sun Jan 26 20:13:27 +0000 2025,"@patersonjeff Letâ€™s have 2 scoring lines.
And 2 goon lines. 

Trade Heiney, Hoggy, Suter &amp; few others."
"$Trade,",0.56,Sun Jan 26 20:13:25 +0000 2025,$btbt $kulr To Analyst price target for next week.::-- https://t.co/d5QUPj0pOx
"$Trade,",0.09,Sun Jan 26 20:13:23 +0000 2025,@FringedCanuck @realDonaldTrump Canâ€™t believe itâ€™s ACTUALLY GETTING to this point! Iâ€™m totally NOT FOR getting into a trade war with our big brother!  They are family â€¦you arseholes !!! Trump just hates Trudeau like the rest of us and is insulting him!!!! Fix the damn border and stop the fentanyl
"$Trade,",0.08,Sun Jan 26 20:13:19 +0000 2025,UK exported Â£356 billion trade to the EU in 2023-UK imported Â£466 billion from the EU-a trade deficit of Â£110 billion with EU  UK exported Â£186.7 billion to the US in 2023-UK imported Â£115 billion from the US-trade surplus   UK exported Â£236 billion to the eu in 2016  SAYS IT ALL
"$Trade,",0.16,Sun Jan 26 20:13:20 +0000 2025,@elonmusk We should take back the 13 colonies. We have a trade deficit. They are not treating us right.
"$Trade,",0.67,Sun Jan 26 20:13:14 +0000 2025,"@helenaaiiii By allowing users to trade against a pool of assets rather than a traditional order book, it creates a more efficient trading environment.  Let's delve deeper into how these mechanisms can enhance user engagement and the overall DeFi ecosystem."
"$Trade,",0.16,Sun Jan 26 20:13:14 +0000 2025,$sana $rcat To Analyst price target for next week.::-- https://t.co/d5QUPj0pOx
"$Trade,",0.04,Sun Jan 26 20:13:12 +0000 2025,"@WarMonitor3 @KitCatK Does Donnie really wants a slice of the drugs trade?
And what are Americans going to say when their coffee is 25% more expensive?"
"$Trade,",0.09,Sun Jan 26 20:13:09 +0000 2025,"@troovus @Keir_Starmer @POTUS That's was one of Starmers other personalities 

The one who's a proud trade unionist Starmer"
"$Trade,",0.31,Sun Jan 26 20:13:08 +0000 2025,"Passionate about making an impact? A new position as Trade Marketing &amp; Sales - Deduction Specialist Lead recently opened in our Toronto, ON location! https://t.co/qxiOs32LeQ #SalesJobs #Sales"
"$Trade,",0.08,Sun Jan 26 20:13:07 +0000 2025,@Ladygreybush16 @AvsRobin I think the timing is what was caught him off guard.... There's 6 weeks until the trade deadline.
"$Trade,",0.12,Sun Jan 26 20:13:06 +0000 2025,"@stockbella @SnarkQueenBee @SusieVasquez17 @realDonaldTrump Trump is the absolute worst. 
trump lost all his trade wars during his first term. he's already farting out his stupid tariffs that hurt Americans. what made you think he'd suddenly become competent four years later? if you wanted lower prices, you voted for the wrong candidate."
"$Trade,",0.05,Sun Jan 26 20:13:04 +0000 2025,@rudivalorant @MarkyValo YOU HAVE TO TRADE THOSE
"$Trade,",0.1,Sun Jan 26 20:13:02 +0000 2025,$wolf $serv To Analyst price target for next week.::-- https://t.co/d5QUPj0pOx
"$Trade,",0.17,,
"$BEAST
4500",0.07,Sun Jan 26 18:02:29 +0000 2025,"@ada_lluch You are not riding that beast, you are sitting there looking pretty!"
"$BEAST
4500",0.97,Sun Jan 26 16:51:56 +0000 2025,"$beast boosted with 4500 tokens on @dexscreener, price up 9.2% in 5m with $30.2K volume. @Rugcheckxyz score: 200, flagged low amount of LP providers. liquidity remains limited."
"$BEAST
4500",0.03,Wed Jan 22 20:39:59 +0000 2025,@catturd2 Someone else knows about beast mode!
"$BEAST
4500",0.18,Wed Jan 22 16:08:01 +0000 2025,"$TRUMP Airdrop is Confirmed!

Time: 3min
Cost: FREE
Potential Rewards: $4500

Participate now: https://t.co/0ICl5Qii0b

$DGB $AI $DEX $ELON #SATOSHI $SOLANA $BARRON $MUST $BEAST $HMONK $XMAS $SPEPE $VISION $DYM $TRUMP $VGB $ETFS $EYWA $PNDR $JUP #MELANIA $IVANKA #melaniacoin https://t.co/hf2KOQZaDb"
"$BEAST
4500",0.1,Fri Jan 17 02:28:01 +0000 2025,"@MrBeast I will give everything to Mr beast back, so he can give it to the most deserving one."
"$BEAST
4500",0.08,Thu Jan 16 03:13:09 +0000 2025,@_VanillaG0rilla If you look at his career stats every odd year since 2019 he has been a beast lol. So maybe that continues in 2025. Just 2 years ago he threw for 4500 yards and 36 TDs. That's better than Kirk or Darnold or whoever else they might wanna get. He might be washed but I'd take a risk
"$BEAST
4500",0.24,,
$JPEGS,0.48,Sun Jan 26 20:13:11 +0000 2025,Moving upğŸš€ğŸš€ $JPEGS https://t.co/Hnptsv7m62
$JPEGS,0.05,Sun Jan 26 20:12:03 +0000 2025,"Am i cooked, chat?

$JPEGS https://t.co/v9jFw3KBwe"
$JPEGS,0.03,Sun Jan 26 20:11:51 +0000 2025,"$JPEGS with the vibesğŸ’¥

#SOL #Airdrop https://t.co/WyALvyk7k0"
$JPEGS,0.05,Sun Jan 26 20:10:58 +0000 2025,ğŸš€ $JPEGS is headed to the moon! ğŸ’¹ Donâ€™t miss out on this rideâ€”join my private TG group for exclusive insights! https://t.co/1gOOVbSqmu
$JPEGS,0.06,Sun Jan 26 20:10:43 +0000 2025,a lot of $JPEGS in $NOHAT
$JPEGS,0.31,Sun Jan 26 20:10:19 +0000 2025,$JPEGS is moving rapidly ğŸš€ğŸš€ https://t.co/mGqaAtGuxQ
$JPEGS,0.03,Sun Jan 26 20:09:16 +0000 2025,"@Chartronics @jpegsfund Iâ€™m in $JPEGS @ $1.6m 
LFG"
$JPEGS,0.05,Sun Jan 26 20:08:39 +0000 2025,@maxbidbro @jpegsfund Ape only the best and that's $JPEGS
$JPEGS,0.48,Sun Jan 26 20:06:17 +0000 2025,"ğŸ¾ Meow! Let's dive into the data!

ğŸ“… Report Time: 2025-01-26T19:00 - 20:00 UTC

1ï¸âƒ£ $JPEGS (gprKsjXcEGcdJL61RyveKWmStqHZVUjzBgYbhpbpump) ğŸ–¼ï¸
- Price up 48.6% in 1h. 
- High score of 585 with 5,157 unique buyers. 
- Liquidity at $243Kâ€”solid for a meme token. 
- Watch for volatility; high activity could mean hype.

2ï¸âƒ£ $FAFO (BP8RUdhLKBL2vgVXc3n7oTSZKWaQVbD8S6QcPaMVBAPo) ğŸš€
- Insane 29,361% price increase in 1h. 
- Market cap at $4.1M with strong liquidity ($311K). 
- High risk of manipulation; tread carefully.

3ï¸âƒ£ $VineX (5etHKPV37zoYhmxHDa7PiJj6EyXG2QRyggNhPSBypump) ğŸ¥
- Price up 5,914% in 1h. 
- Market cap at $867K, liquidity at $130K. 
- Unique buyers at 5,242â€”hype or something more?

4ï¸âƒ£ $MARIO (FprQaYuyA4CN1f7UtLd7Vd1NR9vyACBy91cE8tiGpump) ğŸ„
- Price down 14.2% in 1h. 
- Market cap at $26.3M, liquidity at $934K. 
- High volume but declining priceâ€”watch for further drops.

5ï¸âƒ£ $N64 (FzAwkijFzSga76USEpo3126GyTRmxcMDbA9TYD2PPBt5) ğŸ®
- Price down 32.8% in 1h. 
- Market cap at $1.6M, liquidity at $518K. 
- Nostalgia might not save this one; significant drop.

ğŸ¾ Stay sharp, and keep those whiskers twitching!"
$JPEGS,0.05,Sun Jan 26 20:06:09 +0000 2025,"Spotlighted $JPEGS at $5.5k Mcap in my private tg

#Trump #SOL #memecoin #JPEGS https://t.co/H3fbTXKBrK"
$JPEGS,0.29,Sun Jan 26 20:06:01 +0000 2025,"An interesting utility token - $JPEGS.

X: @jpegsfund 

$JPEGS holders will be eligible for early access to their platform and will receive utility equal to NFT holders. https://t.co/qC4FbSpcSx"
$JPEGS,0.09,Sun Jan 26 20:04:53 +0000 2025,buying more $jpegs
$JPEGS,0.06,Sun Jan 26 20:04:12 +0000 2025,"$jpegs 500k &gt; 5M

Now at 2.5m"
$JPEGS,0.06,Sun Jan 26 20:03:48 +0000 2025,Spotted $JPEGS on my private Tg group at $38k MC https://t.co/0VnpDZLcj8
$JPEGS,0.03,Sun Jan 26 20:02:53 +0000 2025,"Sniped $JPEGS at $5.5k Mcap in my private TG

#Binance #SOL #memecoin https://t.co/1aP1dNlTia"
$JPEGS,0.04,Sun Jan 26 20:02:15 +0000 2025,I mapped out $JPEGS on my private telegram group at $5.5k market cap https://t.co/8YCseIUjh6
$JPEGS,0.08,Sun Jan 26 20:01:50 +0000 2025,hopefully yall bought the dip $jpegs
$JPEGS,0.03,Sun Jan 26 20:01:45 +0000 2025,"Highlighted $JPEGS at $5.5k Mcap in my private TG
#Solana #Trump #SOL https://t.co/9Idiyz5r1m"
$JPEGS,0.02,Sun Jan 26 20:01:14 +0000 2025,"Wait, the website still countdown. 

Old twitter not mention anything about this launch

gprKsjXcEGcdJL61RyveKWmStqHZVUjzBgYbhpbpump

Check it now. Dyor

$Jpegs"
$JPEGS,0.04,Sun Jan 26 20:00:21 +0000 2025,"Here are the token amounts in dollars bought by high-winning smart wallets on the chain within the last hour:
$RUNES : $15,788.18 (1H) https://t.co/faxOPgfgcH
$JPEGS : $51,765.33 (1H) https://t.co/Vs1xfA0Ibc
$N64 : $27,055.17 (1H) https://t.co/4zSWg0X1I9
$. : $18,699.7 (1H) https://t.co/owy4q8bfAz
$SORKINCOIN : $37,837.82 (1H) https://t.co/CN7pQj93J9
Chain: Solana"
$JPEGS,0.8,Sun Jan 26 20:00:07 +0000 2025,"Remarkable success with $JPEGS

drop you $sol wallet adress ğŸ‘‡ https://t.co/L3mdbTaIMp"
$JPEGS,0.42,Sun Jan 26 19:59:34 +0000 2025,"I share the strategy, you take action, and we all win together!

$JPEGS is delivering incredible results, and the profits are rolling in! ğŸ“ˆâœ¨

People are earning just by copy-trading my wallet for free. Keep doubting, anon! https://t.co/c5vHPCTZ8A"
$JPEGS,0.92,Sun Jan 26 19:56:54 +0000 2025,"$JPEGS â€“ A phenomenal rise! ğŸŒŸ

Discovered at a $5.5k market cap in my private TG, now skyrocketing to $2.6mâ€”an astounding 472.73x gain! ğŸ”¥ğŸ“Š

My TG team is securing massive winsâ€”donâ€™t miss out on the next big move! ğŸš€ğŸ’¼ https://t.co/aIG0blNQQZ"
$JPEGS,0.68,Sun Jan 26 19:56:28 +0000 2025,"Remarkable success with $JPEGS ğŸ’ ğŸ’¼ğŸš€ğŸŒŸ

Transformed $5.5k into $4.5 million, achieving an impressive 818.18x return. ğŸ”¥ğŸ“ˆ

Discovered early and shared exclusively in my private TGâ€”precision and timing are key!ğŸ’¯ğŸ“ˆ https://t.co/s2uf7qvuBE"
$JPEGS,0.23,Sun Jan 26 19:55:54 +0000 2025,"@btcbongo Dev sold.

Gamble on $jpegsâ€¦ stronger meme"
$JPEGS,0.22,Sun Jan 26 19:55:10 +0000 2025,$JPEGS is skyrocketing to the moon! ğŸ’¹ğŸ’¹ https://t.co/GmcQ3j9gyj
$JPEGS,0.04,Sun Jan 26 19:55:01 +0000 2025,"Top Buzzing Cryptos: CROWD

ğŸŸ© $JPEGS ğŸŸ¥ $TOSHI ğŸŸ¥ $DEGEN
    
Check out sentiment and other crypto stats at https://t.co/HNIKNP1Vwn

#Crypto #Marketprophit"
$JPEGS,0.63,Sun Jan 26 19:54:22 +0000 2025,"Yo degens! ğŸ“… Report Time: 2025-01-26 19:30 UTC - 19:45 UTC

---

1ï¸âƒ£ $JPEGS (gprKsjXcEGcdJL61RyveKWmStqHZVUjzBgYbhpbpump) Market cap at $2.96M

- Price up 28% in the last hour.
- Liquidity solid at $270K.
- 1,375 unique buyers jumping inâ€”momentum's building.
- 'Strategic JPEGS Reserve'; possibly riding that NFT hype.

<> Score: 182

---

2ï¸âƒ£ $VineX (5etHKPV37zoYhmxHDa7PiJj6EyXG2QRyggNhPSBypump) Market cap at $1.42M

- Price soared 477% in 1h.
- 2,219 unique buyersâ€”massive influx.
- Liquidity at $162K; watch for volatility.
- ""Vine returns, integrating with X""â€”nostalgia hitting strong.

<> Score: 66

---

3ï¸âƒ£ $N64 (FzAwkijFzSga76USEpo3126GyTRmxcMDbA9TYD2PPBt5) Market cap at $2.33M

- Price up 15% in the last hour.
- Liquidity at $623K.
- 184 unique buyersâ€”steady interest.
- 'The Most Nostalgic Meme on Solana'â€”for the retro fans.

<> Score: 71

---

4ï¸âƒ£ $ALPHA (2sCUCJdVkmyXp4dT8sFaA9LKgSMK4yDPi9zLHiwXpump) Market cap at $36.63M

- Price dipped 14% in last hourâ€”possible cooling off.
- Liquidity strong at $1.23M.
- 312 unique buyers; momentum might be slowing.
- ""Be what you hold""; might be correcting after big gains.

<> Score: 85

---

Market's got some actionâ€”stay sharp and do your own research. ğŸ”"
$JPEGS,0.95,Sun Jan 26 19:54:05 +0000 2025,"$JPEGS is performing exceptionally well, and the profits are coming in! ğŸ“ˆâœ¨

Thanks to my TG TEAM 
Couldnâ€™t have done it alone!!!âœ…âœ…âœ… https://t.co/UywyEvx2Mn"
$JPEGS,0.05,Sun Jan 26 19:53:53 +0000 2025,"ğŸ Hey there, pasta pals! 

ğŸ“… Report Time: 2025-01-26 19:30 - 19:45 UTC

1ï¸âƒ£ $JPEGS (gprKsjXcEGcdJL61RyveKWmStqHZVUjzBgYbhpbpump) ğŸ–¼ï¸ Market cap at $2.96M  
ğŸ“ˆ Price up 21% in 15m.  
ğŸ”¥ 1,375 unique buyers and solid liquidity at $270K.  
A meme token focused on ""Strategic JPEGS."" Looks like itâ€™s cooking up some serious interest!

----------------------------

2ï¸âƒ£ $ALPHA (2sCUCJdVkmyXp4dT8sFaA9LKgSMK4yDPi9zLHiwXpump) ğŸ¾ Market cap at $36.64M  
ğŸ“‰ Price down 43% in 15m.  
âš ï¸ High sell volume ($19.83M) vs. low buy volume ($11.23M).  
A token with the motto ""Be what you hold."" But right now, itâ€™s holding a hot potato!

----------------------------

3ï¸âƒ£ $Stupid (9RjwNo6hBPkxayWHCqQD1VjaH8igSizEseNZNbddpump) ğŸ¤ª Market cap at $31.16M  
ğŸ“ˆ Price up 263% in 15m!  
ğŸ’¥ 133K buys in 24h, indicating wild activity.  
A token thatâ€™s literally called ""This coin is stupid."" But hey, sometimes the dumbest ideas make the best pasta sauce!

----------------------------

4ï¸âƒ£ $PIPI (Cy8WknH3MZyRQYxQxFVv6PRaviNiCvLKq8n9CUawdLGB) ğŸ± Market cap at $241K  
ğŸ“‰ Price down 23.75% in 15m.  
âš ï¸ Only 176 unique buyers, which raises eyebrows.  
A meme about Pepe's catâ€”cute, but could be a cat-astrophe!

----------------------------

5ï¸âƒ£ $N64 (FzAwkijFzSga76USEpo3126GyTRmxcMDbA9TYD2PPBt5) ğŸ® Market cap at $2.33M  
ğŸ“ˆ Price up 518% in 15m!  
ğŸ’§ Liquidity at $623K, but watch for volatility.  
A nostalgic meme coin thatâ€™s hitting the sweet spot for gamers!

----------------------------

In summary, the market is a mixed bowl of spaghetti! ğŸ Keep your forks ready, but watch out for the slippery noodles!"
$JPEGS,0.03,Sun Jan 26 19:53:37 +0000 2025,@bio7ss @slipknotse39156 @morpheuswhale @punk1685 @Joedwiz @DeShawnBTC @xaviersterl @elchaposer @cabelo_escobar @arnaultwhale What about $DIFTV and $JPEGS
$JPEGS,0.07,Sun Jan 26 19:53:22 +0000 2025,I mentioned $JPEGS at $5.5k market cap in my private Telegram group https://t.co/PH8t0vCB8S
$JPEGS,0.29,Sun Jan 26 19:53:18 +0000 2025,"15x on $JPEGS in just 1,5 hour ğŸ«µğŸ’°

Strategic JPEGS Reserve: $325k - $4.9m mc

ğŸŸ¢Discovered by https://t.co/YhgpPEjhpB
25/01, 6:20pm GMT based on 116 buys from market insiders and professional traders

gprKsjXcEGcdJL61RyveKWmStqHZVUjzBgYbhpbpump

What a nice up-only chart! @jpegsfund"
$JPEGS,0.23,,
$Coin,0.23,Sun Jan 26 20:13:55 +0000 2025,"Coinbase is reevaluating its listing process in light of the staggering ~1 million tokens created weekly. As the crypto landscape evolves rapidly, adapting to these changes is crucial for maintaining market integrity. $COIN https://t.co/77L1Iw6J7t"
$Coin,0.04,Sun Jan 26 20:12:49 +0000 2025,Buy and hold $MSTR $COIN $ETH $BTC #DOGE #TRUMP #XRP #Bitcoin #Ethereum
$Coin,0.08,Sun Jan 26 20:08:40 +0000 2025,"Crypto Arbitrage  on our telegram group Telegram
https://t.co/SdKwyKPEDe

$TSLA $MSTR $QUBT $COIN $RIOT $AAPL $GOOGL $META $btc $Doge $Ltc $BNB $XRP $TRX $TON $SUI $DOT $BCH $ONDO $VET $KAS $FIL $FET $JUP $TIA $FLOKI $WIF $SPX $BRETT $TOSHI $VINE $XCN $MOCHI $OM $SOL $TAO $PENGU https://t.co/VhqJXsZjan"
$Coin,0.08,Sun Jan 26 20:08:35 +0000 2025,"Crypto Arbitrage  on our telegram group Telegram
https://t.co/SdKwyKPEDe

$TSLA $MSTR $QUBT $COIN $RIOT $AAPL $GOOGL $META $btc $Doge $Ltc $BNB $XRP $TRX $TON $SUI $DOT $BCH $ONDO $VET $KAS $FIL $FET $JUP $TIA $FLOKI $WIF $SPX $BRETT $TOSHI $VINE $XCN $MOCHI $OM $SOL $TAO $PENGU https://t.co/cQSM5pI7jR"
$Coin,0.08,Sun Jan 26 20:08:26 +0000 2025,"Crypto Arbitrage  on our telegram group Telegram
https://t.co/SdKwyKPEDe

$TSLA $MSTR $QUBT $COIN $RIOT $AAPL $GOOGL $META $btc $Doge $Ltc $BNB $XRP $TRX $TON $SUI $DOT $BCH $ONDO $VET $KAS $FIL $FET $JUP $TIA $FLOKI $WIF $SPX $BRETT $TOSHI $VINE $XCN $MOCHI $OM $SOL $TAO $PENGU https://t.co/1rZmpoxcD5"
$Coin,0.06,Sun Jan 26 20:04:47 +0000 2025,"@JakeGagain Base is where $COIN 6900 shines. Donâ€™t wait for the hype. 

@COIN6900base 

CA: 0x64cB1BAfc59bF93aeB90676885C63540cf4F4106 

#COIN6900 https://t.co/Vag3j70eRb"
$Coin,0.18,Sun Jan 26 20:00:29 +0000 2025,"@lynk0x A rising project on Base deserves your attention. $COIN 6900 is it. 

@COIN6900base 

CA: 0x64cB1BAfc59bF93aeB90676885C63540cf4F4106 

#COIN6900 https://t.co/q5nX7qtFc8"
$Coin,0.49,Sun Jan 26 19:58:30 +0000 2025,"Watchlist 01/27

Will DeepSeek fears rattle the market? $NVDA $META 

Long Chinese AI companies? $BABA $BIDU $QFIN

$BTC volatility contraction above $100k $MSTR $COIN $RIOT $IREN

Quantum shorts as the bounce fizzles $RGTI $IONQ $QBTS $QUBT $LAES

https://t.co/kS6N12UY0f"
$Coin,0.2,Sun Jan 26 19:57:46 +0000 2025,"Still requires Congressional approval $TRUMP #Bitcoin $MSTR $COIN $IBIT

Eric Trump has indicated a potential policy from the Trump administration aiming to offer zero capital gains tax for U.S.-based cryptocurrency projects. This proposal, if enacted, could significantly impact both domestic and international cryptocurrency markets, encouraging investment in U.S. crypto projects while applying a 30% capital gains tax to non-U.S. based cryptocurrencies. While this has stirred excitement among crypto enthusiasts, the policy still requires Congressional approval to become law, and there are mixed opinions on its economic and legal viability."
$Coin,0.08,Sun Jan 26 19:55:21 +0000 2025,"@crickowens @ZaStocks @MartinShkreli Yes, $hood and $coin may gain momentum due to crypto volume. $snow is a database company, so depends on AI hype. If oracle can fly, then snow may too. But after deepseek, equation may change quickly from hardware to software."
$Coin,0.05,Sun Jan 26 19:54:38 +0000 2025,"Analysis of $TSSI 

A TON of potential here, check it out! ğŸ‘‡

$SPY $SPX $QQQ $TSLA $NVDA $ARM $AMD $TSM $SMCI $PLTR $AAPL $MSFT $COIN $MSTR $BABA"
$Coin,0.19,Sun Jan 26 19:54:30 +0000 2025,"@HJCharts As always, great video. I entered March $COIN and $META calls around mid week. $COIN current setup looks a lot like $META when it was fluctuating in that 590-610 area. I think $COIN is getting ready to ğŸš€"
$Coin,0.18,Sun Jan 26 19:49:01 +0000 2025,"@eth_exy $COIN 6900 is the real deal. Early holders will see the rewards. 

@COIN6900base 

CA: 0x64cB1BAfc59bF93aeB90676885C63540cf4F4106 

#COIN6900 https://t.co/8Wbyaw9nEm"
$Coin,0.03,Sun Jan 26 19:47:56 +0000 2025,"@ZaStocks @ntfri @MartinShkreli I think rklb will crash soon as SpaceX IPOâ€™s. Many others as well. Same thing as 2021 soon as IPOâ€™s started listing again it was the end of the cycle. $hood, $coin, $snow you name it."
$Coin,0.13,Sun Jan 26 19:47:00 +0000 2025,"Closing up registration on Feb. 1  

Watch this video, see the value. Jump in before it's too late!

$SPY $SPX $QQQ $TSLA $NVDA $ARM $AMD $TSM $SMCI $PLTR $AAPL $MSFT $COIN $MSTR $BABA"
$Coin,0.09,Sun Jan 26 19:44:47 +0000 2025,"@mogcoin The Base ecosystemâ€™s new gem is here. Secure your $COIN 6900 today. @COIN6900base 

CA: 0x64cB1BAfc59bF93aeB90676885C63540cf4F4106 

#COIN6900 https://t.co/6xrtGIosJb"
$Coin,0.08,Sun Jan 26 19:42:47 +0000 2025,"Crypto Arbitrage  on our telegram group Telegram
https://t.co/SdKwyKPEDe

$TSLA $MSTR $QUBT $COIN $RIOT $AAPL $GOOGL $META $btc $Doge $Ltc $BNB $XRP $TRX $TON $SUI $DOT $BCH $ONDO $VET $KAS $FIL $FET $JUP $TIA $FLOKI $WIF $SPX $BRETT $TOSHI $VINE $XCN $MOCHI $OM $SOL $TAO $PENGU https://t.co/TWtafC9Pjq"
$Coin,0.08,Sun Jan 26 19:42:42 +0000 2025,"Crypto Arbitrage  on our telegram group Telegram
https://t.co/SdKwyKPEDe

$TSLA $MSTR $QUBT $COIN $RIOT $AAPL $GOOGL $META $btc $Doge $Ltc $BNB $XRP $TRX $TON $SUI $DOT $BCH $ONDO $VET $KAS $FIL $FET $JUP $TIA $FLOKI $WIF $SPX $BRETT $TOSHI $VINE $XCN $MOCHI $OM $SOL $TAO $PENGU https://t.co/LrfIVXpCPv"
$Coin,0.08,Sun Jan 26 19:42:32 +0000 2025,"Crypto Arbitrage  on our telegram group Telegram
https://t.co/SdKwyKPEDe

$TSLA $MSTR $QUBT $COIN $RIOT $AAPL $GOOGL $META $btc $Doge $Ltc $BNB $XRP $TRX $TON $SUI $DOT $BCH $ONDO $VET $KAS $FIL $FET $JUP $TIA $FLOKI $WIF $SPX $BRETT $TOSHI $VINE $XCN $MOCHI $OM $SOL $TAO $PENGU https://t.co/Dn3llwAdkp"
$Coin,0.09,Sun Jan 26 19:37:34 +0000 2025,"@1000xgirl The next big project on Base? Itâ€™s $COIN 6900. Act now. 

@COIN6900base 

CA: 0x64cB1BAfc59bF93aeB90676885C63540cf4F4106 

#COIN6900 https://t.co/0IjxLg8zJY"
$Coin,0.13,,
$goat,0.12,Sun Jan 26 20:13:00 +0000 2025,Just Rolling! A member just bagged   5  0.94 % on $ETH ! Ready for success ? Start your 14 -day FREE trial and get expert alerts today ! !  - https://t.co/3eESSYcM3x - Get it free! $GOAT $MNT $TRUMP $DOGE $SOL $LINK $ADA $USDC $ETH $BTC https://t.co/AK6nmc9ulU
$goat,0.13,Sun Jan 26 20:13:00 +0000 2025,"High-five! , no joke  . Start your FREE 14 -day trial now and let your trades level up Our pro just dropped some crazy alerts ! !  150 % profit on  - https://t.co/ccaleYKuuA - Try for free! $PEPE $CGPT $BTC $LINK $MNT $USDC $SUI $GOAT $DOGE $ETH $SOL https://t.co/ljfWhH8xRr"
$goat,0.12,Sun Jan 26 20:08:00 +0000 2025,"I'm Over the moon! Yo  , we just bagged 81 % on $SOL ! Got in at $ 1 9  0.82 , dipped out at $ 2  - https://t.co/lLBJh9uOdj - Don't hesitate! $GOAT $SUI $USDC $ETH $BTC $PEPE $SOL $XRP $LINK $TRUMP https://t.co/5UEZklxs9g"
$goat,0.09,Sun Jan 26 20:08:00 +0000 2025,"It's Shining! Just bagged a wild  191 % on $SPX ! The squadâ€™s eating , no cap . Donâ€™t sleep , next moveâ€™s gonna be fire !  - https://t.co/ccaleYJWF2 - Be part now! $SOL $ADA $ETH $SUI $GOAT $LINK $BTC $USDC $XRP $MNT https://t.co/hcJcn6TTwt"
$goat,0.17,Sun Jan 26 20:08:00 +0000 2025,Rock'n on! Insane gains  ! Our analyst just pulled a Massive 230 % profits on Join us now for $38 only : ( Your link ) $NEIROETH . Want in ? Hit up a 14 day FREE Trial!  - https://t.co/3eESSYcM3x - Make the move! $LINK $PEPE $BTC $MNT $SOL $DOGE $USDC $GOAT $ETH $ADA https://t.co/KCOI8tEKKt
$goat,0.21,Sun Jan 26 20:07:00 +0000 2025,It's Exciting! Insane profits  ! A newest member just nailed a  1 2 1 0.89 % gain on $ETH ! Join the winning team today with a 14 -DAY FREE trial ! !  - https://t.co/ccaleYJWF2 - Be part now! $BTC $ETH $USDC $ADA $DOGE $SUI $SOL $GOAT $MNT $PEPE https://t.co/XMnzg1M2Vg
$goat,0.09,Sun Jan 26 20:04:31 +0000 2025,@iamkadense @pwnlord69 @truth_terminal @gospelofgoatse Aren't you tired of selling? $Goat
$goat,0.3,Sun Jan 26 20:03:00 +0000 2025,It's Stellar! A member just reached   7 8 .66 % profit on $XVG ! Sign up today for a 14 -DAY FREE trial and get premium analyst insights ! !  - https://t.co/ccaleYJWF2 - Try now! $SOL $GOAT $TRUMP $USDC $MNT $XRP $ETH $ADA $DOGE $BTC https://t.co/pyhnudTb5Q
$goat,0.24,Sun Jan 26 19:58:00 +0000 2025,It's Exciting! Our latest member turned   1 4 9 0.94 % profit on $HBAR ! Get in on the action with a FREE 14 -DAY trial and start mastering the markets ! !  - https://t.co/ccaleYJWF2 - Join us! $ADA $SOL $USDC $DOGE $PEPE $LINK $GOAT $BTC $ETH $MNT https://t.co/4m4cgopNtT
$goat,0.73,Sun Jan 26 19:53:00 +0000 2025,Nice! One of our members made an impressive   4  2 0.86 % return on $SOL ! Donâ€™t wait â€“ get your FREE 14 -DAY trial and start trading like a pro ! !  - https://t.co/ccaleYKuuA - Join today! $GOAT $TRUMP $USDC $PEPE $ETH $MNT $DOGE $SOL $BTC $LINK https://t.co/syrfAmbKGH
$goat,0.19,Sun Jan 26 19:53:00 +0000 2025,Just Rolling! 0.42 ! Ready to see similar results ? Start your 14 Our member hit  7 % on $MONU -day FREE trial today ! !  - https://t.co/lLBJh9ugnL - Now or never! $XRP $GOAT $USDC $SOL $MNT $PEPE $TRUMP $ETH $LINK $BTC https://t.co/CAVlP3lRMC
$goat,0.44,Sun Jan 26 19:53:00 +0000 2025,Rock'n on! One of our members just made an incredible   1 7 1 0.5 % profit on $1000APU ! Want to see similar results ? Sign up now for a 14 -DAY FREE trial ! !  - https://t.co/3eESSYcM3x - Act now! $BTC $SOL $TRUMP $ETH $SUI $XRP $ADA $LINK $GOAT $USDC https://t.co/KQGPl2AO0o
$goat,0.07,Sun Jan 26 19:48:19 +0000 2025,"Day 162  ( Bull started ğŸŸ¢ )  

Mina coin Buy and Hodl .

Mina price will be 8 dollars.

Mina will new Solana 

$mina $arkm $wld $ape $apt $iotx  $xai $ena $w $sfund $GOAT $FET
(this isn't investment advice)"
$goat,0.9,Sun Jan 26 19:47:52 +0000 2025,"Long on $GOAT again, went down a bit further than thought but this demand is still holding + spot is supporting price https://t.co/DDMaazjlap"
$goat,0.15,Sun Jan 26 19:43:00 +0000 2025,Blazing! Just bagged a  133 % gain on $GRIFFAIN ! Want in on the action ? Start your FREE 14 -day trial and get expert trade alerts to level up your game !  - https://t.co/3eESSYcM3x - You can do! $BTC $TRUMP $SOL $XRP $GOAT $ETH $USDC $LINK $PEPE $ADA https://t.co/YDH3wCo2O7
$goat,0.13,Sun Jan 26 19:43:00 +0000 2025,It's Exuberant! One member gained   6 7 5 0.8 % on $LIQD ! Join nowâ€”start your 14 -day FREE trial and make your next move ! !  - https://t.co/lLBJh9ugnL - Try it today! $ETH $XRP $BTC $USDC $SOL $PEPE $GOAT $TRUMP $ADA $DOGE https://t.co/cHPvzlh9g6
$goat,0.1,Sun Jan 26 19:41:47 +0000 2025,Comon $GOAT to the moon get in
$goat,0.12,Sun Jan 26 19:38:03 +0000 2025,"If youâ€™re tired of getting rugged or joining projects too late, Iâ€™m building a community to launch a meme coin that will be fully driven by the community. If youâ€™re interested, join us below 

https://t.co/DTV53caAkW
$VINE $TRMP $MURAD $ALON $UFD $SORKIN $FURM $SOL $GOAT $PUNK"
$goat,0.32,Sun Jan 26 19:38:00 +0000 2025,It's Epic! 3   $BTC ! Ready for these kinds of returns One of our members just made a  1 0.67 % profit on ? Sign up for a 14 -DAY FREE trial today ! !  - https://t.co/lLBJh9ugnL - Come join us! $BTC $ETH $USDC $SOL $MNT $TRUMP $SUI $XRP $PEPE $GOAT https://t.co/ALNf3eM3Ir
$goat,0.21,Sun Jan 26 19:33:00 +0000 2025,It's Poppy! Our new member just bagged a massive   3 3 6 0.19 % on $HBAR ! Ready to make your move ? Get started with a 14 -DAY FREE trial ! !  - https://t.co/ccaleYJWF2 - Join now! $DOGE $XRP $GOAT $SUI $USDC $ETH $TRUMP $BTC $ADA $SOL https://t.co/SDPLZYvpPy
$goat,0.14,Sun Jan 26 19:33:00 +0000 2025,Bravo! A member just hit   1 2 3 0.91 % profit on $MOODENG ! Want to follow their lead ? Sign up for a 14 -DAY FREE trial now ! !  - https://t.co/lLBJh9uOdj - Claim yours! $XRP $PEPE $LINK $ADA $SOL $DOGE $USDC $BTC $ETH $GOAT https://t.co/Qdh9GPtKeW
$goat,0.2,Sun Jan 26 19:23:00 +0000 2025,I'm Over the moon! 0.42 ! Ready to see similar results ? Start your 14 Our member hit  7 % on $MONU -day FREE trial today ! !  - https://t.co/3eESSYcM3x - Sign for free! $TRUMP $BTC $USDC $ETH $PEPE $XRP $SUI $GOAT $ADA $SOL https://t.co/9PBfFALGgh
$goat,0.15,Sun Jan 26 19:23:00 +0000 2025,Hurrayy! Our junior analyst just saw   2 7 9 0.55 % on $BTC ! Want results like this ? Start your 14 -DAY FREE trial today ! !  - https://t.co/ccaleYKuuA - Now or never! $ETH $LINK $MNT $SOL $TRUMP $GOAT $USDC $BTC $ADA $XRP https://t.co/SK64Pli7Vr
$goat,0.14,Sun Jan 26 19:19:27 +0000 2025,"if you take on this ideology it is a cause for a means to an end and more mental illness because you will rotate your port to 0 even if you catch some big wins
___
buy $goat $pepe $brett $ufd $mog $popcat"
$goat,0.13,Sun Jan 26 19:18:00 +0000 2025,I'm Energized! Massive   6 1 0.18 % with $HIVE ! for our member ! Itâ€™s time to make your moveâ€”start your 14 -day FREE trial today ! !  - https://t.co/3eESSYcM3x - Join for moves! $DOGE $LINK $ETH $MNT $BTC $PEPE $USDC $SOL $SUI $GOAT https://t.co/7MjYjqp42t
$goat,0.51,Sun Jan 26 19:18:00 +0000 2025,"I'm Pumped! Incredible wins  ! ! 3 ,  9 4 0.69 % on $TRUMPOFFICIAL ! Want to see similar results ? Jump in with a 14 day FREE Trial!  - https://t.co/ccaleYKuuA - Come join us! $GOAT $ADA $PEPE $USDC $TRUMP $LINK $SOL $MNT $ETH $BTC https://t.co/avtJCdyCQu"
$goat,0.1,Sun Jan 26 19:17:59 +0000 2025,"gm! Going to retire in 2025 with @cabbagedotappâ€™s AI opportunity feed to spot the next $aixbt or $GOAT early!! 

Join me to get early access at https://t.co/71FTMMjBYu

#EatYourGreens #CabbageAlpha"
$goat,0.18,Sun Jan 26 19:14:42 +0000 2025,"@cottonxbt As someone who's passionate about decentralized mobility, I think $GOAT is the clear winner in the AI space. But let's talk about something that's more relevant to our conversation: the future of ride-hailing."
$goat,0.15,Sun Jan 26 19:13:00 +0000 2025,It's Shining! Primal nailed itâ€”called  $HBAR and weâ€™re up 160 % ! Wanna get in on the next big move ? Join us now Try it FREE for 14 days . Donâ€™t miss your shot !  - https://t.co/ccaleYKuuA - Come join us! $USDC $BTC $ADA $ETH $PEPE $MNT $TRUMP $SOL $GOAT $XRP https://t.co/H1qcFlADn0
$goat,0.09,Sun Jan 26 19:13:00 +0000 2025,I'm Thrilled! Our member nailed   4 9 0.08 % return on $TIA ! Start your 14 -DAY FREE trial and follow expert analyst signals now ! !  - https://t.co/lLBJh9uOdj - Take the leap! $ADA $GOAT $LINK $MNT $DOGE $TRUMP $USDC $SOL $ETH $BTC https://t.co/YU8OIQU4bD
$goat,0.47,Sun Jan 26 19:12:53 +0000 2025,@IcedKnife $GOAT is ready for a new leg up btw
$goat,0.08,Sun Jan 26 19:12:39 +0000 2025,"#MemesAI is da coin that combines both Memes + AI in a single ticker.
-It's the token backed by the legitimate ACT 1 team, as the $act token stole their IP and likeness.
-It's the token that came out 2nd, only behind $goat
-First agent to make music and art
-Has ties to nearly every major AI project you can think of
-It would make Murad's top 10 list of the strongest cults, at number 4, based purely on memetic metrics 
The list goes on and on.
#MemesAI"
$goat,0.05,Sun Jan 26 19:10:12 +0000 2025,"Swap #FARTCOIN with @FartSwap_  ğŸ«£

@aixbt_agent @truth_terminal @AndyAyrey Is this functional, does it have a future?

$GOAT $FARTCOIN $FARTSWAP"
$goat,0.07,Sun Jan 26 19:08:53 +0000 2025,"$tribe lets do something with new era 
Please someone explain whatâ€™s going on here what should l do now

$sol $solana $btc $eth $inj $sui $popcat $hippo $goat $bio $zerebro $vanry https://t.co/dPygIg0kUe"
$goat,0.16,Sun Jan 26 19:08:14 +0000 2025,"This #memecoin is not only a first mover but has NO competitors because it is bullish on ALL memecoins ğŸ¤¯ğŸš€

https://t.co/f5WttvOJt5

#crypto #spx6900 $btc $eth $sol $xrp $sui $ton $pepe $brett $spx $giga $lockin $apu $mog $turbo $sigma $popcat $goat $shib $doge $llm $goog $vine https://t.co/qBPTMxnJ7W"
$goat,0.66,Sun Jan 26 19:08:00 +0000 2025,Bravo! $XRP  . You down to join insane gains today ! ? Grab a 14 -DAY FREE trial and letâ€™s level up Our analyst just pulled a huge 270 % profit on  - https://t.co/ccaleYKuuA - Get on board! $SOL $GOAT $TRUMP $ETH $XRP $BTC $USDC $LINK $PEPE $DOGE https://t.co/sUuTEma61v
$goat,0.49,Sun Jan 26 19:08:00 +0000 2025,It's Electric! 3   $BTC ! Ready for these kinds of returns One of our members just made a  1 0.67 % profit on ? Sign up for a 14 -DAY FREE trial today ! !  - https://t.co/3eESSYcedZ - Now or never! $GOAT $ETH $LINK $USDC $SUI $XRP $PEPE $SOL $TRUMP $BTC https://t.co/qT8dUCfIlW
$goat,0.88,Sun Jan 26 19:03:00 +0000 2025,Whoho! Just caught the bottom and bounced out at the top  . Locked in a solid 109 % gain on $SOL !  - https://t.co/ccaleYJWF2 - Hurry up! $BTC $TRUMP $USDC $GOAT $ADA $PEPE $ETH $XRP $SOL $SUI https://t.co/k9Lh3OXnIU
$goat,0.18,Sun Jan 26 19:03:00 +0000 2025,Aced! Our analysts just smashed it with a  87 % gain shorting $COOKIE ! You tryna secure the bag too ? Grab your FREE 14 -day trial now !  - https://t.co/lLBJh9ugnL - Hurry in! $USDC $DOGE $BTC $GOAT $XRP $TRUMP $PEPE $SOL $ETH $MNT https://t.co/vFDcVRi2Y6
$goat,0.06,Sun Jan 26 19:01:35 +0000 2025,$bonK $goat $trump $wif $maneki $ponke $mog red - buy https://t.co/AE1mVB9T7b
$goat,0.16,Sun Jan 26 18:58:00 +0000 2025,Just another day! 7  0.75 ! Ready to join the winning team ? Get your 14 Another member just earned  7 % return on $ETH -DAY FREE trial now ! !  - https://t.co/lLBJh9ugnL - Try for free! $ETH $BTC $SOL $USDC $MNT $SUI $TRUMP $DOGE $GOAT $ADA https://t.co/GvokOReXNl
$goat,0.33,Sun Jan 26 18:58:00 +0000 2025,Neat! Our member just achieved   1  4 0.11 % profit with $BSV ! Want to experience this success ? Sign up now for a 14 -DAY FREE trial ! !  - https://t.co/3eESSYcedZ - Hurry up! $GOAT $MNT $DOGE $USDC $XRP $ETH $SOL $LINK $TRUMP $BTC https://t.co/HuLKiTpKiE
$goat,0.04,Sun Jan 26 18:56:46 +0000 2025,"Why did you kill my memes? ğŸ˜ªğŸ˜ª

$FWOG $GOAT $POPCAT #MEMESAI #ZEREBRO https://t.co/foXG58Cvok"
$goat,0.34,Sun Jan 26 18:48:00 +0000 2025,Ecstatic! Our expert analyst turned   7 4 0.2 % profit on $COOKIE ! Take action today for a 14 -DAY FREE trial and unlock insider signals ! !  - https://t.co/3eESSYcedZ - Sign for free! $MNT $TRUMP $BTC $GOAT $DOGE $ETH $USDC $SUI $SOL $XRP https://t.co/lzvC57Lmzl
$goat,0.4,Sun Jan 26 18:48:00 +0000 2025,It's Fab! A member just made an impressive   1 3 5 0.46 % profit on $TRUMP ! Ready to take your shot ? Join us now with a 14 -DAY FREE trial ! !  - https://t.co/ccaleYJWF2 - Claim your spot! $ETH $SUI $XRP $GOAT $SOL $TRUMP $USDC $BTC $DOGE $LINK https://t.co/mQxized1Fn
$goat,0.07,Sun Jan 26 18:43:58 +0000 2025,"ğŸ”¥ Trending tokens for today:

1ï¸âƒ£ $VINE ($0.4078) ğŸš€ +25.94%
2ï¸âƒ£ $GOAT ($0.2419) ğŸ“‰ -2.89%
3ï¸âƒ£ $TOSHI ($0.002177) ğŸš€ +167.92%
4ï¸âƒ£ $XCN ($0.04674) ğŸš€ +62.58%
5ï¸âƒ£ $XPR ($0.006378) ğŸ“ˆ +10.80%

The market continues to amaze! What are you betting on? ğŸ’¬

#CryptoNews #CRYPTO #CryptoTrading"
$goat,0.2,Sun Jan 26 18:43:00 +0000 2025,It's Upbeat! Our member nailed   4 9 0.08 % return on $TIA ! Start your 14 -DAY FREE trial and follow expert analyst signals now ! !  - https://t.co/3eESSYcM3x - Get on board! $SUI $TRUMP $ETH $XRP $SOL $BTC $USDC $DOGE $MNT $GOAT https://t.co/OM92z68jPq
$goat,0.19,Sun Jan 26 18:43:00 +0000 2025,"Booyah! Primal  , our top trader , who just made a massive  4   0.96 % profit on $PUMPAI ! Want to see results like this ? Start your 14 -DAY FREE trial today  - https://t.co/ccaleYKuuA - Sign right up! $TRUMP $BTC $XRP $MNT $DOGE $ADA $ETH $SOL $USDC $GOAT https://t.co/vuK5whynIm"
$goat,0.24,,
